ID,Title,Software Path,Number of changes,,Software Path,Number of bugs
75339,R10Auto:Tax excluded - WorkstationID on Tlog,/R10/Main/Release/5.x/5.0.3/Servers/Store/App/Src/ServiceHost/Tests/Retalix.StoreServer.Model.Test/Selling/Promotions/Setup,220,,/R10/Main/Trunk/Servers/Store/App/Src/BL.BusinessComponents/Selling/Legacy/RetailTransaction/RetailTransactionLog/ARTSV6_0_0/Writer/TransactionHeaderLogWriter.cs,12
96178,[Tlog]T-log and control log show different users for the same transaction,/R10/Main/Release/5.x/5.0.3/Servers/Store/App/Src/BL.BusinessComponents/Tests/Retalix.StoreServer.PromotionEngine.UnitTest/Promotion/BackwardCompatibility/PromotionXml,78,,/R10/Main/Trunk/Servers/Store/App/Src/BL.BusinessComponents/Selling/Legacy/RetailTransaction/RetailTransactionLog/ARTSV6_0_0/Writer/TransactionStatusLogWriter.cs,9
124988,[Save and recall] resume transaction t-log  shows only the suspended pos id #  and not its own id,/R10/Main/Release/5.x/5.0.3/Servers/Store/App/Src/BL.BusinessServices/Tests/FrontEnd.Test/Promotion/BackwardCompatibility/PromotionXml,39,,/R10/Main/Trunk/Servers/Store/App/Src/BL.BusinessComponents/Selling/Legacy/RetailTransaction/RetailTransactionLog/ARTSV6_0_0/Writer/CustomerOrderArts6LogWriter.cs,5
75670,Balance Inquriy -for online item - pos gives general error after scaning / entering the seconde barcode and press OK,/R10/Main/Release/5.x/5.0.3/Servers/Store/App/Src/BL.BusinessServices/Tests/FrontEnd.Test/Promotion/BackwardCompatibility/ContractToModel,12,,/R10/Main/Trunk/Servers/Store/App/Src/Modules/Tax/Services/Maintenance/Parameters/Maintenance/Arts/GovernmentProgramsParametersTaxParameters.cs,4
113503,"[Sequence] Suspend and Resume transaction - when resuming transaction, new retail transaction should be created.",/R10/Main/Trunk/Servers/Store/App/Src/BL.BusinessComponents/Selling/Legacy/RetailTransaction/RetailTransactionLog/ARTSV6_0_0/Writer/TransactionHeaderLogWriter.cs,12,,/R10/Main/Trunk/Servers/Store/App/Src/Modules/Tax/Services/Maintenance/Parameters/Maintenance/ParameterSave/TaxExemptionParametersRetriever.cs,4
122840,"In resume TLog the ""transactionLink"" includes only the ""EndDateTime"" - ""BeginDateTime"" is missing",/R10/Main/Release/5.x/5.0.3/Servers/Store/App/Src/BL.BusinessComponents/Tests/Retalix.StoreServer.PromotionEngine.UnitTest/Promotion/BackwardCompatibility/V1PromotionConverters,10,,/R10/Main/Trunk/Servers/Store/App/Src/Modules/Tax/Services/Maintenance/Parameters/Maintenance/Arts/GovernmentProgramsParametersSave.xsd,4
119202,[Save and recall] -Save and recall saved on original Pos,/R10/Main/Trunk/Servers/Store/App/Src/BL.BusinessComponents/Selling/Legacy/RetailTransaction/RetailTransactionLog/ARTSV6_0_0/Writer/TransactionStatusLogWriter.cs,9,,/R10/Main/Trunk/Servers/Store/App/Src/Modules/Tax/Services/Maintenance/TaxExemptionParameters/Maintenance/ParameterSave/TaxExemptionParametersSaveService.cs,4
147329,Core: Creating TLog failed,/R10/Main/Release/5.x/5.0.3/Servers/Store/App/Src/BL.BusinessServices/Tests/FrontEnd.Test/Promotion/BackwardCompatibility/ModelToContract,5,,/R10/Main/Trunk/Servers/Store/App/Src/Modules/Tax/Services/Maintenance/TaxExemptionParameters/Maintenance/Arts/GovernmentProgramsParametersLookup.cs,4
122838,Resume TLog transaction start time is the suspend end time – instead of suspend start time.,/R10/Main/Trunk/Servers/Store/App/Src/BL.BusinessComponents/Selling/Legacy/RetailTransaction/RetailTransactionLog/ARTSV6_0_0/Writer/CustomerOrderArts6LogWriter.cs,5,,/R10/Main/Trunk/Servers/Store/App/Src/Modules/Tax/Services/Maintenance/TaxExemptionParameters/Maintenance/ParameterData/TaxExemptionParametersUpdater.cs,4
122836,In suspend TLog the transaction start time and endtime are the same,/R10/Main/Trunk/Servers/Store/App/Src/BL.BusinessComponents/Selling/Legacy/RestrictionRule/SellRestrictionActivity/ConditionalRestrictionActivity/LogVisitor/ConditionRestrictionLogWriter.cs,5,,/R10/Main/Trunk/Servers/Store/App/Src/Modules/Tax/Services/Maintenance/TaxExemptionParameters/Maintenance/ParameterLookup/TaxExemptionParametersLookupResponseBuilder.cs,4
108208,[Sequence] Not able to retrieve TRX that was original saved and then recalled and than scann the saved trx barcode,/R10/Main/Trunk/Servers/Store/App/Src/Modules/Tax/Services/Maintenance/Parameters/Maintenance/Arts/GovernmentProgramsParametersTaxParameters.cs,4,,/R10/Main/Trunk/Servers/Store/App/Src/BL.BusinessComponents/Selling/Legacy/RetailTransaction/RetailTransactionLog/ARTSV6_0_0/Writer/TransactionArts6LogWriter.cs,4
143783,Drop 8 - Sanity - Trans isn't available msg while trying to recall trans on 3rd time,/R10/Main/Trunk/Servers/Store/App/Src/Modules/Tax/Services/Maintenance/Parameters/Maintenance/ParameterSave/TaxExemptionParametersRetriever.cs,4,,/R10/Main/Trunk/Servers/Store/App/Src/Modules/Tax/Services/Maintenance/TaxExemptionParameters/Maintenance/Arts/GovernmentProgramsParametersSave.xsd,4
112135,[TransactionLogLookup] (H1) Paid Recalled transactions are not shown in EJ,/R10/Main/Trunk/Servers/Store/App/Src/Modules/Tax/Services/Maintenance/Parameters/Maintenance/Arts/GovernmentProgramsParametersSave.xsd,4,,/R10/Main/Trunk/Servers/Store/App/Src/Modules/Tax/Services/Maintenance/Parameters/Maintenance/Arts/GovernmentProgramsParametersLookup.xsd,4
120355,[TLog]POSLOG 10.5 - Quantity Units in EA should be 1 and not 1.0,/R10/Main/Trunk/Servers/Store/App/Src/Modules/Tax/Services/Maintenance/TaxExemptionParameters/Maintenance/ParameterSave/TaxExemptionParametersSaveService.cs,4,,/R10/Main/Trunk/Servers/Store/App/Src/Modules/Tax/Services/Maintenance/Parameters/Maintenance/ParameterData/TaxParametersUpdater.cs,4
114425,[Tlog] (H1) - Tlog - Wrong loggin to tlog in case of Custom Hierarchy,/R10/Main/Trunk/Servers/Store/App/Src/Modules/Tax/Services/Maintenance/TaxExemptionParameters/Maintenance/Arts/GovernmentProgramsParametersLookup.cs,4,,/R10/Main/Trunk/Servers/Store/App/Src/Modules/Tax/Services/Maintenance/TaxExemptionParameters/Maintenance/Arts/GovernmentProgramsParametersLookup.xsd,4
75670,Balance Inquriy -for online item - pos gives general error after scaning / entering the seconde barcode and press OK,/R10/Main/Trunk/Servers/Store/App/Src/Modules/Tax/Services/Maintenance/TaxExemptionParameters/Maintenance/ParameterData/TaxExemptionParametersUpdater.cs,4,,/R10/Main/Trunk/Servers/Store/App/Src/Modules/Tax/Services/Maintenance/TaxExemptionParameters/Maintenance/ParameterSave/TaxExemptionParametersSaveRequestAdaptor.cs,4
120356,"[TLog]POSLOG 10.5 -Recall transaction: Transaction status ""Resumed"" is missing",/R10/Main/Trunk/Servers/Store/App/Src/Modules/Tax/Services/Maintenance/TaxExemptionParameters/Maintenance/ParameterLookup/TaxExemptionParametersLookupResponseBuilder.cs,4,,/R10/Main/Trunk/Servers/Store/App/Src/Modules/Tax/Services/Maintenance/TaxExemptionParameters/Maintenance/ParameterSave/TaxExemptionParametersSaveResponseBuilder.cs,4
119202,[Save and recall] -Save and recall saved on original Pos,/R10/Main/Trunk/Servers/Store/App/Src/BL.BusinessComponents/Selling/Legacy/RetailTransaction/RetailTransactionLog/ARTSV6_0_0/Writer/TransactionArts6LogWriter.cs,4,,/R10/Main/Trunk/Servers/Store/App/Src/Modules/Tax/Services/Maintenance/TaxExemptionParameters/Maintenance/Arts/GovernmentProgramsParametersTaxParameters.cs,4
120360,[TLog]POSLOG -  Return Item: : EntryMethod is missing,/R10/Main/Trunk/Servers/Store/App/Src/Modules/Tax/Services/Maintenance/TaxExemptionParameters/Maintenance/Arts/GovernmentProgramsParametersSave.xsd,4,,/R10/Main/Trunk/Servers/Store/App/Src/Modules/Tax/Services/Maintenance/TaxExemptionParameters/Maintenance/ParameterData/TaxParametersUpdater.cs,4
64323,Integration tests  - BRM,/R10/Main/Trunk/Servers/Store/App/Src/Modules/Tax/Services/Maintenance/Parameters/Maintenance/Arts/GovernmentProgramsParametersLookup.xsd,4,,/R10/Main/Trunk/Servers/Store/App/Src/BL.BusinessComponents/Selling/Legacy/RetailTransaction/RetailTransactionLog/ARTSV6_0_0/Writer/TransactionForRetailTransacitonLogVisitor.cs,4
143783,Drop 8 - Sanity - Trans isn't available msg while trying to recall trans on 3rd time,/R10/Main/Trunk/Servers/Store/App/Src/Modules/Tax/Services/Maintenance/Parameters/Maintenance/ParameterData/TaxParametersUpdater.cs,4,,/R10/Main/Trunk/Servers/Store/App/Src/Modules/Tax/Services/Maintenance/Parameters/Maintenance/Arts/GovernmentProgramsParameters.cs,4
108309,E-Commerce: Can't add items from historical order with promotion (Cant recall order with promotion after first recall.),/R10/Main/Release/5.x/5.0.3/servers/store/App/Src/ServiceHost/Tests/Retalix.StoreServer.Model.Test/Selling/Promotions/Setup,4,,/R10/Main/Trunk/Servers/Store/App/Src/Modules/Tax/Services/Maintenance/TaxExemptionParameters/Maintenance/Arts/GovernmentProgramsParametersSave.cs,4
75670,Balance Inquriy -for online item - pos gives general error after scaning / entering the seconde barcode and press OK,/R10/Main/Trunk/Servers/Store/App/Src/Modules/Tax/Services/Maintenance/TaxExemptionParameters/Maintenance/Arts/GovernmentProgramsParametersLookup.xsd,4,,/R10/Main/Trunk/Servers/Store/App/Src/Modules/Tax/Services/Maintenance/TaxExemptionParameters/Maintenance/ParameterLookup/TaxExemptionParametersLookupService.cs,4
119202,[Save and recall] -Save and recall saved on original Pos,/R10/Main/Release/5.x/5.0.3/Components/Regional/US/Tax/StoreServer/DB/Scripts/Core/SqlServer/upgrade,4,,/R10/Main/Trunk/Servers/Store/App/Src/Modules/Tax/Services/Maintenance/TaxExemptionParameters/Maintenance/Arts/GovernmentProgramsParameters.cs,4
109779,[Ecommerce] - New UI  - Apple - Weighable item with promotionm - can't increase  the amount to 1 Kg to get the promotion,/R10/Main/Trunk/Servers/Store/App/Src/Modules/Tax/Services/Maintenance/TaxExemptionParameters/Maintenance/ParameterSave/TaxExemptionParametersSaveRequestAdaptor.cs,4,,/R10/Main/Trunk/Servers/Store/App/Src/Modules/Tax/Services/Maintenance/TaxExemptionParameters/Maintenance/ParameterLookup/TaxExemptionParametersLookupRequestAdaptor.cs,4
143783,Drop 8 - Sanity - Trans isn't available msg while trying to recall trans on 3rd time,/R10/Main/Trunk/Servers/Store/App/Src/Modules/Tax/Services/Maintenance/TaxExemptionParameters/Maintenance/ParameterSave/TaxExemptionParametersSaveResponseBuilder.cs,4,,/R10/Main/Trunk/Servers/Store/App/Src/Modules/Tax/Services/Maintenance/TaxExemptionParameters/Maintenance/ParameterSave/TaxExemptionParametersRetriever.cs,4
87678,R10Auto:tax discount cacel,/R10/Main/Trunk/Servers/Store/App/Src/Modules/Tax/Services/Maintenance/TaxExemptionParameters/Maintenance/Arts/GovernmentProgramsParametersTaxParameters.cs,4,,/R10/Main/Trunk/Servers/Store/App/Src/Modules/Tax/Services/Maintenance/Parameters/Maintenance/ParameterData/TaxExemptionParametersUpdater.cs,4
83358,R10Auto:TaxExemptionCancel not working,/R10/Main/Trunk/Servers/Store/App/Src/Modules/Tax/Services/Maintenance/TaxExemptionParameters/Maintenance/ParameterData/TaxParametersUpdater.cs,4,,/R10/Main/Trunk/Servers/Store/App/Src/Modules/Tax/Services/Maintenance/Parameters/Maintenance/ParameterLookup/TaxExemptionParametersLookupResponseBuilder.cs,4
65903,DBA - Null values in FK columns of the TAX tables,/R10/Main/Trunk/Servers/Store/App/Src/BL.BusinessComponents/Selling/Legacy/RetailTransaction/RetailTransactionLog/ARTSV6_0_0/Writer/TransactionForRetailTransacitonLogVisitor.cs,4,,/R10/Main/Trunk/Servers/Store/App/Src/Modules/Tax/Services/Maintenance/Parameters/Maintenance/Arts/GovernmentProgramsParametersLookup.cs,4
83251,"R10Auto: GovernmentProgramsParameters returned ""Empty response""",/R10/Main/Trunk/Servers/Store/App/Src/Modules/Tax/Services/Maintenance/Parameters/Maintenance/Arts/GovernmentProgramsParameters.cs,4,,/R10/Main/Trunk/Servers/Store/App/Src/Modules/Tax/Services/Maintenance/Parameters/Maintenance/Arts/GovernmentProgramsParametersSave.cs,4
87678,R10Auto:tax discount cacel,/R10/Main/Trunk/Servers/Store/App/Src/Modules/Tax/Services/Maintenance/TaxExemptionParameters/Maintenance/Arts/GovernmentProgramsParametersSave.cs,4,,/R10/Main/Release/5.x/5.0.1/Servers/Store/App/Src/ServiceHost/Tests/Retalix.StoreServer.Model.Test/Selling/Resume/RetailTransactionForResumeShould.cs,3
83358,R10Auto:TaxExemptionCancel not working,/R10/Main/Trunk/Servers/Store/App/Src/Modules/Tax/Services/Maintenance/TaxExemptionParameters/Maintenance/ParameterLookup/TaxExemptionParametersLookupService.cs,4,,/R10/Main/Trunk/Servers/Store/App/Src/BL.BusinessComponents/Selling/Legacy/RetailTransaction/RetailTransactionLog/ARTSV6_0_0/Writer/IArtsTransactionUpdateVisitor.cs,3
65903,DBA - Null values in FK columns of the TAX tables,/R10/Main/Trunk/Servers/Store/App/Src/Modules/Tax/Services/Maintenance/TaxExemptionParameters/Maintenance/Arts/GovernmentProgramsParameters.cs,4,,/R10/Main/Trunk/Components/Regional/US/Tax/Office/Src/USTax/Web/ViewModels/TaxRate/DataMapping/TaxRateExtendedMapper.cs,3
83251,"R10Auto: GovernmentProgramsParameters returned ""Empty response""",/R10/Main/Trunk/Servers/Store/App/Src/Modules/Tax/Services/Maintenance/TaxExemptionParameters/Maintenance/ParameterLookup/TaxExemptionParametersLookupRequestAdaptor.cs,4,,/R10/Main/Release/5.x/5.0.1/Servers/Store/App/Src/BL.BusinessComponents/Selling/Legacy/RetailTransaction/RetailTransactionLog/ARTSV6_0_0,3
87678,R10Auto:tax discount cacel,/R10/Main/Trunk/Servers/Store/App/Src/Modules/Tax/Services/Maintenance/TaxExemptionParameters/Maintenance/ParameterSave/TaxExemptionParametersRetriever.cs,4,,/R10/Main/Release/5.x/5.0.3/Servers/Store/App/Src/ServiceHost/Tests/Retalix.StoreServer.Model.Test/Selling/SecurityScale/SecurityScaleLearningModeShould.cs,3
83358,R10Auto:TaxExemptionCancel not working,/R10/Main/Trunk/Servers/Store/App/Src/Modules/Tax/Services/Maintenance/Parameters/Maintenance/ParameterData/TaxExemptionParametersUpdater.cs,4,,/R10/Main/Trunk/Servers/Store/App/Src/BL.BusinessComponents/Selling/Legacy/RetailTransaction/TransactionLog/ControlTransactionLog/Visitors/GiftReceiteCreationVisitor.cs,3
65903,DBA - Null values in FK columns of the TAX tables,/R10/Main/Trunk/Servers/Store/App/Src/Modules/Tax/Services/Maintenance/Parameters/Maintenance/ParameterLookup/TaxExemptionParametersLookupResponseBuilder.cs,4,,/R10/Main/Release/5.x/5.0.1/Servers/Store/App/Src/BL.BusinessComponents/Selling/BPM/Order/Activities/SuspendRetailTransactionHandler.cs,3
83251,"R10Auto: GovernmentProgramsParameters returned ""Empty response""",/R10/Main/Trunk/Servers/Store/App/Src/Modules/Tax/Services/Maintenance/Parameters/Maintenance/Arts/GovernmentProgramsParametersLookup.cs,4,,/R10/Main/Release/5.x/5.0.3/Servers/Store/App/Src/BL.BusinessComponents/Promotion/CustomerOrder/BackwardCompatibility/V1PromotionConverters/V1DatesFactory.cs,2
87678,R10Auto:tax discount cacel,/R10/Main/Trunk/Servers/Store/App/Src/Modules/Tax/Services/Maintenance/Parameters/Maintenance/Arts/GovernmentProgramsParametersSave.cs,4,,/R10/Main/Trunk/Servers/Store/App/Src/BL.BusinessComponents/Selling/Legacy/RetailTransaction/TransactionLog/ControlTransactionLog/Visitors/OperatorBypassLogCreationVisitor.cs,2
83358,R10Auto:TaxExemptionCancel not working,/R10/Main/Release/5.x/5.0.3/Servers/Store/App/Src/BL.BusinessServices/Tests/FrontEnd.Test/Promotion/BackwardCompatibility/PromotionMaintenanceRequest.xml,3,,/R10/Main/Trunk/Components/Regional/US/Tax/StoreServer/DB/Scripts/Core/SqlServer/upgrade/5.0.3_5.0.4/0224_Schema_Tax tables.sql,2
65903,DBA - Null values in FK columns of the TAX tables,/R10/Main/Release/5.x/5.0.1/Servers/Store/App/Src/ServiceHost/Tests/Retalix.StoreServer.Model.Test/Selling/Resume/RetailTransactionForResumeShould.cs,3,,/R10/Main/Release/5.x/5.0.3/Servers/Store/App/Src/BL.BusinessComponents/Promotion/CustomerOrder/BackwardCompatibility/PartialUpdate/ConditionsUpdate.cs,2
83251,"R10Auto: GovernmentProgramsParameters returned ""Empty response""",/R10/Main/Release/5.x/5.0.3/Servers/Store/App/Src/BL.BusinessServices/Tests/FrontEnd.Test/Promotion/BackwardCompatibility/PromotionMaintenanceServiceShould.cs,3,,/R10/Main/Release/5.x/5.0.3/Servers/Store/App/Src/BL.BusinessComponents/Promotion/CustomerOrder/BackwardCompatibility/PartialUpdate/PromotionUpdate.cs,2
87678,R10Auto:tax discount cacel,/R10/Main/Trunk/Servers/Store/App/Src/BL.BusinessComponents/Selling/Legacy/RestrictionRule/SellRestrictionActivity/ConditionalRestrictionActivity/LogVisitor/ConditionRestrictionLogVisitor.cs,3,,/R10/Main/Release/5.x/5.0.3/Servers/Store/App/Src/BL.BusinessServices/FrontEnd/Promotion/BackwardCompatibility/ModelToContract/ConditionsFactory.cs,2
83358,R10Auto:TaxExemptionCancel not working,/R10/Main/Trunk/Servers/Store/App/Src/BL.BusinessComponents/Selling/Legacy/RetailTransaction/RetailTransactionLog/ARTSV6_0_0/Writer/IArtsTransactionUpdateVisitor.cs,3,,/R10/Main/Trunk/Office/Src/Modules/Promotion/Web/ViewModels/Promotion/Canvas/Rewards/MemberAccount/DataMapping/ActionPromotionMemberAccountMapper.cs,2
65903,DBA - Null values in FK columns of the TAX tables,/R10/Main/Trunk/Components/Regional/US/Tax/Office/Src/USTax/Web/ViewModels/TaxRate/DataMapping/TaxRateExtendedMapper.cs,3,,/R10/Main/Release/5.x/5.0.3/Office/Src/Modules/BusinessRules/Contracts/ViewModels/Brms/DataMapping/Conditions/BrmsProductConditionViewModelMapper.cs,2
83251,"R10Auto: GovernmentProgramsParameters returned ""Empty response""",/R10/Main/Dev/LKill/Servers/Store/App/Src/BL.BusinessComponents/Selling/Legacy/RetailTransaction/RetailTransactionLog/ObjectModel/Converters,3,,/R10/Main/Trunk/Servers/Store/App/Src/BL.BusinessComponents/Selling/Legacy/RetailTransaction/TransactionLog/ControlTransactionLog/Visitors/PriceUpdateCreationVisitor.cs,2
87678,R10Auto:tax discount cacel,/R10/Main/Release/5.x/5.0.1/Servers/Store/App/Src/BL.BusinessServices/Maintenance/Product/Maintenance/Parts/StoreRangePartOfProductMaintenanceService.cs,3,,/R10/Main/Release/5.x/5.0.3/Servers/Store/App/Src/BL.BusinessServices/Tests/FrontEnd.Test/Promotion/BackwardCompatibility/PromotionMaintenanceRequest.xml,2
83358,R10Auto:TaxExemptionCancel not working,/R10/Main/Release/5.x/5.0.3/Servers/Store/App/Src/BL.BusinessServices/Tests/FrontEnd.Test/Promotion/BackwardCompatibility/V1EmptyProprtieseRemoverShould.cs,3,,/R10/Main/Release/5.x/5.0.3/Servers/Store/App/Src/BL.BusinessComponents/Promotion/CustomerOrder/BackwardCompatibility/ContractType/BusinessUnitCommonData.cs,2
65903,DBA - Null values in FK columns of the TAX tables,/R10/Main/Trunk/Servers/Store/App/Src/BL.BusinessComponents/Selling/Legacy/RestrictionRule/SellRestrictionActivity/ConditionalRestrictionActivity/Activity/ConditionRestrictionActivityContent.cs,3,,/R10/Main/Release/5.x/5.0.3/Servers/Store/App/Src/BL.BusinessComponents/Promotion/CustomerOrder/BackwardCompatibility/Validators/ConditionsContractValidator.cs,2
83251,"R10Auto: GovernmentProgramsParameters returned ""Empty response""",/R10/Main/Release/5.x/5.0.3/Servers/Store/App/Src/BL.BusinessServices/Tests/FrontEnd.Test/Promotion/BackwardCompatibility/PromotionFactoryMock.cs,3,,/R10/Main/Release/5.x/5.0.3/Servers/Store/App/Src/BL.BusinessComponents/Tests/Retalix.StoreServer.PromotionEngine.UnitTest/Promotion/BackwardCompatibility/RewardsFactoryShould.cs,2
87678,R10Auto:tax discount cacel,/R10/Main/Release/5.x/5.0.1/Servers/Store/App/Src/BL.BusinessComponents/Selling/Legacy/RetailTransaction/RetailTransactionLog/ARTSV6_0_0,3,,/R10/Main/Release/5.x/5.0.3/Servers/Store/App/Src/BL.BusinessServices/FrontEnd/Promotion/BackwardCompatibility/ModelToContract/DistributionFactory.cs,2
83358,R10Auto:TaxExemptionCancel not working,/R10/Main/Release/5.x/5.0.3/Servers/Store/App/Src/ServiceHost/Tests/Retalix.StoreServer.Model.Test/Selling/SecurityScale/SecurityScaleLearningModeShould.cs,3,,/R10/Main/Release/5.x/5.0.3/Servers/Store/App/Src/BL.BusinessComponents/Tests/Retalix.StoreServer.PromotionEngine.UnitTest/Promotion/BackwardCompatibility/FileReaderHelper.cs,2
65903,DBA - Null values in FK columns of the TAX tables,/R10/Main/Trunk/Servers/Store/App/Src/BL.BusinessComponents/Selling/Legacy/RetailTransaction/TransactionLog/ControlTransactionLog/Visitors/GiftReceiteCreationVisitor.cs,3,,/R10/Main/Release/5.x/5.0.3/Servers/Store/App/Src/BL.BusinessServices/FrontEnd/Promotion/BackwardCompatibility/ModelToContract/CriterionsFactory.cs,2
83251,"R10Auto: GovernmentProgramsParameters returned ""Empty response""",/R10/Main/Release/5.x/5.0.3/Servers/Store/App/Src/BL.BusinessServices/Tests/FrontEnd.Test/Promotion/BackwardCompatibility/BackwardCompatibilityAdaptorShould.cs,3,,/R10/Main/Release/5.x/5.0.3/Servers/Store/App/Src/BL.BusinessComponents/Promotion/CustomerOrder/BackwardCompatibility/ContractType/ContributionEligibilityType.cs,2
75670,Balance Inquriy -for online item - pos gives general error after scaning / entering the seconde barcode and press OK,/R10/Main/Release/5.x/5.0.1/Servers/Store/App/Src/BL.BusinessComponents/Selling/BPM/Order/Activities/SuspendRetailTransactionHandler.cs,3,,/R10/Main/Release/5.x/5.0.3/Servers/Store/App/Src/BL.BusinessComponents/Tests/Retalix.StoreServer.PromotionEngine.UnitTest/Promotion/BackwardCompatibility/PromotionXml,2
119202,[Save and recall] -Save and recall saved on original Pos,/R10/Main/Release/5.x/5.0.3/Servers/Store/App/Src/BL.BusinessComponents/Promotion/CustomerOrder/BackwardCompatibility/V1PromotionConverters/V1DatesFactory.cs,2,,/R10/Main/Release/5.x/5.0.3/Office/Src/Modules/Promotion/Web/ViewModels/DataMapping/Helpers/MapToViewModel/ActionsToViewModelMapperHelper.cs,2
64323,Integration tests  - BRM,/R10/Main/Trunk/Servers/Store/App/Src/BL.BusinessComponents/Selling/Legacy/RetailTransaction/TransactionLog/ControlTransactionLog/Visitors/OperatorBypassLogCreationVisitor.cs,2,,/R10/Main/Release/5.x/5.0.3/Servers/Store/App/Src/BL.BusinessServices/Tests/FrontEnd.Test/Promotion/BackwardCompatibility/PromotionMaintenanceServiceShould.cs,2
143783,Drop 8 - Sanity - Trans isn't available msg while trying to recall trans on 3rd time,/R10/Main/Trunk/Components/Regional/US/Tax/StoreServer/DB/Scripts/Core/SqlServer/upgrade/5.0.3_5.0.4/0224_Schema_Tax tables.sql,2,,/R10/Main/Release/5.x/5.0.3/Servers/Store/App/Src/BL.BusinessServices/FrontEnd/Promotion/BackwardCompatibility/ModelToContract/ActionsBuilder.cs,2
87678,R10Auto:tax discount cacel,/R10/Main/Release/5.x/5.0.3/Servers/Store/App/Src/BL.BusinessComponents/Promotion/CustomerOrder/BackwardCompatibility/PartialUpdate/ConditionsUpdate.cs,2,,/R10/Main/Release/5.x/5.0.1/Servers/Store/App/Src/BL.BusinessServices/FrontEnd/LineItem/LineItemAdd/Handlers/LineItemAddRtsRequestAdapter.cs,2
83358,R10Auto:TaxExemptionCancel not working,/R10/Main/Release/5.x/5.0.3/Servers/Store/App/Src/BL.BusinessComponents/Promotion/CustomerOrder/BackwardCompatibility/PartialUpdate/PromotionUpdate.cs,2,,/R10/Main/Release/5.x/5.0.3/Office/Src/Modules/BusinessRules/Contracts/ViewModels/BusinessRules/Conditions/Mappers/ProductConditionViewModelMapper.cs,2
65903,DBA - Null values in FK columns of the TAX tables,/R10/Main/Release/5.x/5.0.3/Servers/Store/App/Src/BL.BusinessServices/FrontEnd/Promotion/BackwardCompatibility/ModelToContract/ConditionsFactory.cs,2,,/R10/Main/Trunk/Servers/Store/App/Src/Model/Private/Selling/Legacy/RetailTransaction/EventSystem/EventArgs/ITransactionResumedArgs.cs,2
83251,"R10Auto: GovernmentProgramsParameters returned ""Empty response""",/R10/Main/Trunk/Office/Src/Modules/Promotion/Web/ViewModels/Promotion/Canvas/Rewards/MemberAccount/DataMapping/ActionPromotionMemberAccountMapper.cs,2,,/R10/Main/Release/5.x/5.0.3/Servers/Store/App/Src/BL.BusinessComponents/Promotion/CustomerOrder/BackwardCompatibility/V1PromotionConverters/V1RestrictionsFactory.cs,2
87678,R10Auto:tax discount cacel,/R10/Main/Release/5.x/5.0.3/Office/Src/Modules/BusinessRules/Contracts/ViewModels/Brms/DataMapping/Conditions/BrmsProductConditionViewModelMapper.cs,2,,/R10/Main/Release/5.x/5.0.3/Servers/Store/App/Src/BL.BusinessComponents/Promotion/CustomerOrder/BackwardCompatibility/ContractType/PromotionType.cs,2
83358,R10Auto:TaxExemptionCancel not working,/R10/Main/Trunk/Servers/Store/App/Src/BL.BusinessComponents/Selling/Legacy/RetailTransaction/TransactionLog/ControlTransactionLog/Visitors/PriceUpdateCreationVisitor.cs,2,,/R10/Main/Release/5.x/5.0.3/Servers/Store/App/Src/BL.BusinessServices/FrontEnd/Promotion/BackwardCompatibility/ContractToModel/FundingFactory.cs,2
65903,DBA - Null values in FK columns of the TAX tables,/R10/Main/Release/4.x/4.2/Servers/Store/App/Src/BL.BusinessComponents/Selling/Legacy/RetailTransaction/TransactionLog/Arts6LogWrtiers,2,,/R10/Main/Release/5.x/5.0.3/Servers/Store/App/Src/BL.BusinessComponents/Promotion/CustomerOrder/BackwardCompatibility/V1PromotionConverters/V1CriterionsFactory.cs,2
83251,"R10Auto: GovernmentProgramsParameters returned ""Empty response""",/R10/Main/Release/5.x/5.0.3/Servers/Store/App/Src/BL.BusinessComponents/Promotion/CustomerOrder/BackwardCompatibility/ContractType/BusinessUnitCommonData.cs,2,,/R10/Main/Release/5.x/5.0.3/Servers/Store/App/Src/BL.BusinessComponents/Promotion/CustomerOrder/BackwardCompatibility/Validators/PromotionContractValidator.cs,2
87678,R10Auto:tax discount cacel,/R10/Main/Release/5.x/5.0.3/Servers/Store/App/Src/BL.BusinessComponents/Promotion/CustomerOrder/BackwardCompatibility/Validators/ConditionsContractValidator.cs,2,,/R10/Main/Release/5.x/5.0.3/Servers/Store/App/Src/BL.BusinessServices/FrontEnd/Promotion/BackwardCompatibility/PartialUpdate/DescriptionUpdate.cs,2
83358,R10Auto:TaxExemptionCancel not working,/R10/Main/Release/5.x/5.0.3/Servers/Store/App/Src/BL.BusinessComponents/Tests/Retalix.StoreServer.PromotionEngine.UnitTest/Promotion/BackwardCompatibility/RewardsFactoryShould.cs,2,,/R10/Main/Release/5.x/5.0.3/Servers/Store/App/Src/BL.BusinessServices/FrontEnd/Promotion/BackwardCompatibility/PartialUpdate/StoreDistributionUpdate.cs,2
65903,DBA - Null values in FK columns of the TAX tables,/R10/Main/Release/5.x/5.0.3/Servers/Store/App/Src/BL.BusinessServices/FrontEnd/Promotion/BackwardCompatibility/ModelToContract/DistributionFactory.cs,2,,/R10/Main/Trunk/Servers/Store/App/Src/BL.BusinessComponents/Selling/Legacy/RetailTransaction/RetailTransactionLog/ObjectModel/Converters/LineItemContractReader.cs,2
83251,"R10Auto: GovernmentProgramsParameters returned ""Empty response""",/R10/Main/Release/5.x/5.0.3/Servers/Store/App/Src/BL.BusinessComponents/Tests/Retalix.StoreServer.PromotionEngine.UnitTest/Promotion/BackwardCompatibility/FileReaderHelper.cs,2,,/R10/Main/Release/5.x/5.0.3/Servers/Store/App/Src/BL.BusinessServices/FrontEnd/Promotion/BackwardCompatibility/ContractToModel/DescriptionsFactory.cs,2
87678,R10Auto:tax discount cacel,/R10/Main/Release/5.x/5.0.3/Servers/Store/App/Src/BL.BusinessServices/FrontEnd/Promotion/BackwardCompatibility/ModelToContract/CriterionsFactory.cs,2,,/R10/Main/Trunk/Servers/Store/App/Src/BL.BusinessComponents/Selling/Legacy/RestrictionRule/SellRestrictionActivity/ConditionalRestrictionActivity/LogVisitor/ConditionRestrictionLogVisitor.cs,2
83358,R10Auto:TaxExemptionCancel not working,/R10/Main/Release/5.x/5.0.3/Servers/Store/App/Src/BL.BusinessComponents/Promotion/CustomerOrder/BackwardCompatibility/ContractType/ContributionEligibilityType.cs,2,,/R10/Main/Release/5.x/5.0.3/Servers/Store/App/Src/BL.BusinessServices/FrontEnd/Promotion/BackwardCompatibility/PartialUpdate/CriterionActionValidator.cs,2
65903,DBA - Null values in FK columns of the TAX tables,/R10/Main/Release/5.x/5.0.3/Office/Src/Modules/Promotion/Web/ViewModels/DataMapping/Helpers/MapToViewModel/ActionsToViewModelMapperHelper.cs,2,,/R10/Main/Release/5.x/5.0.3/Servers/Store/App/Src/BL.BusinessServices/FrontEnd/Promotion/BackwardCompatibility/ContractToModel/PromotionContractToModel.cs,2
83251,"R10Auto: GovernmentProgramsParameters returned ""Empty response""",/R10/Main/Release/5.x/5.0.3/Servers/Store/App/Src/BL.BusinessServices/FrontEnd/Promotion/BackwardCompatibility/ModelToContract/ActionsBuilder.cs,2,,/R10/Main/Release/5.x/5.0.3/Office/Src/Modules/Promotion/Web/ViewModels/DataMapping/Helpers/MapFromViewModel/ActionsFromViewModelMappingConfiguration.cs,2
87678,R10Auto:tax discount cacel,/R10/Main/Release/5.x/5.0.1/Servers/Store/App/Src/BL.BusinessServices/FrontEnd/LineItem/LineItemAdd/Handlers/LineItemAddRtsRequestAdapter.cs,2,,/R10/Main/Release/5.x/5.0.3/Servers/Store/App/Src/BL.BusinessComponents/Promotion/CustomerOrder/BackwardCompatibility/ContractType/PromotionTypeExecutionMethod.cs,2
83358,R10Auto:TaxExemptionCancel not working,/R10/Main/Release/5.x/5.0.3/Office/Src/Modules/BusinessRules/Contracts/ViewModels/BusinessRules/Conditions/Mappers/ProductConditionViewModelMapper.cs,2,,/R10/Main/Release/5.x/5.0.3/Servers/Store/App/Src/BL.BusinessComponents/Promotion/CustomerOrder/BackwardCompatibility/V1PromotionConverters/V1PromotionSerializer.cs,2
65903,DBA - Null values in FK columns of the TAX tables,/R10/Main/Trunk/Servers/Store/App/Src/Model/Private/Selling/Legacy/RetailTransaction/EventSystem/EventArgs/ITransactionResumedArgs.cs,2,,/R10/Main/Release/5.x/5.0.3/Servers/Store/App/Src/BL.BusinessComponents/Tests/Retalix.StoreServer.PromotionEngine.UnitTest/Promotion/BackwardCompatibility/MatchLimitationsFactoryShould.cs,2
83251,"R10Auto: GovernmentProgramsParameters returned ""Empty response""",/R10/Main/Release/5.x/5.0.3/Servers/Store/App/Src/BL.BusinessComponents/Promotion/CustomerOrder/BackwardCompatibility/V1PromotionConverters/V1RestrictionsFactory.cs,2,,/R10/Main/Release/5.x/5.0.3/Servers/Store/App/Src/BL.BusinessComponents/Promotion/CustomerOrder/BackwardCompatibility/ContractType/DescriptionCommonData.cs,2
87678,R10Auto:tax discount cacel,/R10/Main/Release/5.x/5.0.3/Servers/Store/App/Src/BL.BusinessComponents/Promotion/CustomerOrder/BackwardCompatibility/ContractType/PromotionType.cs,2,,/R10/Main/Release/5.x/5.0.3/Servers/Store/App/Src/BL.BusinessComponents/Promotion/CustomerOrder/BackwardCompatibility/ContractType/CouponDestinationType.cs,2
83358,R10Auto:TaxExemptionCancel not working,/R10/Main/Release/5.x/5.0.3/Servers/Store/App/Src/BL.BusinessServices/FrontEnd/Promotion/BackwardCompatibility/ContractToModel/FundingFactory.cs,2,,/R10/Main/Release/5.x/5.0.0/Servers/Store/App/Src/ServiceHost/Tests/Retalix.StoreServer.Model.Test/Selling/BPM/ClickAndCollectOrderListingShould.cs,2
65903,DBA - Null values in FK columns of the TAX tables,/R10/Main/Release/5.x/5.0.3/Servers/Store/App/Src/BL.BusinessComponents/Promotion/CustomerOrder/BackwardCompatibility/V1PromotionConverters/V1CriterionsFactory.cs,2,,/R10/Main/Release/5.x/5.0.3/Servers/Store/App/Src/BL.BusinessComponents/Promotion/CustomerOrder/BackwardCompatibility/ContractType/PromotionTypeDistributionTargetBusinessUnit.cs,2
83251,"R10Auto: GovernmentProgramsParameters returned ""Empty response""",/R10/Main/Release/5.x/5.0.3/Servers/Store/App/Src/BL.BusinessComponents/Promotion/CustomerOrder/BackwardCompatibility/Validators/PromotionContractValidator.cs,2,,/R10/Main/Release/5.x/5.0.3/Servers/Store/App/Src/BL.BusinessComponents/Promotion/CustomerOrder/BackwardCompatibility/Validators/RewardContractValidator.cs,2
87678,R10Auto:tax discount cacel,/R10/Main/Release/5.x/5.0.3/Servers/Store/App/Src/BL.BusinessServices/FrontEnd/Promotion/BackwardCompatibility/PartialUpdate/DescriptionUpdate.cs,2,,/R10/Main/Trunk/Servers/Store/App/Src/BL.BusinessComponents/Selling/Legacy/RestrictionRule/SellRestrictionActivity/ConditionalRestrictionActivity/Adaptor/ConditionRestrictionActivityContentAdaptor.cs,2
83358,R10Auto:TaxExemptionCancel not working,/R10/Main/Release/5.x/5.0.3/Servers/Store/App/Src/BL.BusinessServices/FrontEnd/Promotion/BackwardCompatibility/PartialUpdate/StoreDistributionUpdate.cs,2,,/R10/Main/Release/5.x/5.0.3/Servers/Store/App/Src/BL.BusinessServices/FrontEnd/Promotion/BackwardCompatibility/ModelToContract/DescriptionFactorycs.cs,2
65903,DBA - Null values in FK columns of the TAX tables,/R10/Main/Trunk/Servers/Store/App/Src/BL.BusinessComponents/Selling/Legacy/RetailTransaction/RetailTransactionLog/ObjectModel/Converters/LineItemContractReader.cs,2,,/R10/Main/Release/4.x/4.2/Servers/Store/App/Src/BL.BusinessComponents/Selling/Legacy/RetailTransaction/RetailTransactionLog/RetailTransactionLogbook.cs,2
83251,"R10Auto: GovernmentProgramsParameters returned ""Empty response""",/R10/Main/Release/5.x/5.0.3/Servers/Store/App/Src/BL.BusinessServices/FrontEnd/Promotion/BackwardCompatibility/ContractToModel/DescriptionsFactory.cs,2,,/R10/Main/Release/5.x/5.0.3/Servers/Store/App/Src/BL.BusinessServices/FrontEnd/Promotion/BackwardCompatibility/Validators/AddOrUpdateValidator.cs,2
87678,R10Auto:tax discount cacel,/R10/Main/Trunk/Servers/Store/App/Src/BL.BusinessComponents/Selling/Legacy/RestrictionRule/SellRestrictionActivity/ConditionalRestrictionActivity/LogVisitor/ConditionRestrictionNotSetisfiedLogData.cs,2,,/R10/Main/Release/5.x/5.0.3/Servers/Store/App/Src/ServiceHost/Tests/Retalix.StoreServer.Model.Test/Selling/Promotions/Setup,2
83358,R10Auto:TaxExemptionCancel not working,/R10/Main/Release/5.x/5.0.3/Servers/Store/App/Src/BL.BusinessServices/FrontEnd/Promotion/BackwardCompatibility/PartialUpdate/CriterionActionValidator.cs,2,,/R10/Main/Release/5.x/5.0.3/Servers/Store/App/Src/BL.BusinessServices/FrontEnd/Promotion/BackwardCompatibility/PartialUpdate/PromotionUpdate.cs,2
65903,DBA - Null values in FK columns of the TAX tables,/R10/Main/Release/5.x/5.0.3/Servers/Store/App/Src/BL.BusinessServices/FrontEnd/Promotion/BackwardCompatibility/ContractToModel/PromotionContractToModel.cs,2,,/R10/Main/Release/5.x/5.0.3/Servers/Store/App/Src/BL.BusinessComponents/Tests/Retalix.StoreServer.PromotionEngine.UnitTest/Promotion/BackwardCompatibility/PromotionFactoryShould.cs,2
83251,"R10Auto: GovernmentProgramsParameters returned ""Empty response""",/R10/Main/Release/5.x/5.0.3/Office/Src/Modules/Promotion/Web/ViewModels/DataMapping/Helpers/MapFromViewModel/ActionsFromViewModelMappingConfiguration.cs,2,,/R10/Main/Release/5.x/5.0.3/Servers/Store/App/Src/BL.BusinessServices/FrontEnd/Promotion/Mappers/RewardFunctions/RewardTypes.cs,2
75670,Balance Inquriy -for online item - pos gives general error after scaning / entering the seconde barcode and press OK,/R10/Main/Release/5.x/5.0.3/Servers/Store/App/Src/BL.BusinessComponents/Promotion/CustomerOrder/BackwardCompatibility/ContractType/PromotionTypeExecutionMethod.cs,2,,/R10/Main/Release/5.x/5.0.3/Servers/Store/App/Src/BL.BusinessServices/FrontEnd/Promotion/BackwardCompatibility/PartialUpdate/ConditionsUpdate.cs,2
119202,[Save and recall] -Save and recall saved on original Pos,/R10/Main/Release/5.x/5.0.3/Servers/Store/App/Src/BL.BusinessComponents/Promotion/CustomerOrder/BackwardCompatibility/V1PromotionConverters/V1PromotionSerializer.cs,2,,/R10/Main/Release/5.x/5.0.3/Servers/Store/App/Src/BL.BusinessServices/FrontEnd/Promotion/BackwardCompatibility/ModelToContract/ActiveDaysAndHoursFactorycs.cs,2
64323,Integration tests  - BRM,/R10/Main/Release/5.x/5.0.3/Servers/Store/App/Src/BL.BusinessComponents/Tests/Retalix.StoreServer.PromotionEngine.UnitTest/Promotion/BackwardCompatibility/MatchLimitationsFactoryShould.cs,2,,/R10/Main/Release/5.x/5.0.3/Servers/Store/App/Src/BL.BusinessComponents/Promotion/CustomerOrder/BackwardCompatibility/ContractType/ActionPercentageOff.cs,2
143783,Drop 8 - Sanity - Trans isn't available msg while trying to recall trans on 3rd time,/R10/Main/Release/5.x/5.0.3/Servers/Store/App/Src/BL.BusinessComponents/Promotion/CustomerOrder/BackwardCompatibility/ContractType/DescriptionCommonData.cs,2,,/R10/Main/Release/5.x/5.0.3/Servers/Store/App/Src/BL.BusinessServices/FrontEnd/Promotion/BackwardCompatibility/Validators/RewardContractValidator.cs,2
87678,R10Auto:tax discount cacel,/R10/Main/Release/5.x/5.0.3/Servers/Store/App/Src/BL.BusinessComponents/Promotion/CustomerOrder/BackwardCompatibility/ContractType/CouponDestinationType.cs,2,,/R10/Main/Release/5.x/5.0.3/Servers/Store/App/Src/BL.BusinessComponents/Tests/Retalix.StoreServer.PromotionEngine.UnitTest/Promotion/BackwardCompatibility/ConditionsFactoryShould.cs,2
83358,R10Auto:TaxExemptionCancel not working,/R10/Main/Release/5.x/5.0.0/Servers/Store/App/Src/ServiceHost/Tests/Retalix.StoreServer.Model.Test/Selling/BPM/ClickAndCollectOrderListingShould.cs,2,,/R10/Main/Release/5.x/5.0.3/Servers/Store/App/Src/BL.BusinessServices/FrontEnd/Promotion/BackwardCompatibility/ModelToContract/PromotionModelToContract.cs,2
65903,DBA - Null values in FK columns of the TAX tables,/R10/Main/Release/5.x/5.0.3/Servers/Store/App/Src/BL.BusinessComponents/Promotion/CustomerOrder/BackwardCompatibility/ContractType/PromotionTypeDistributionTargetBusinessUnit.cs,2,,/R10/Main/Release/5.x/5.0.3/servers/store/App/Src/ServiceHost/Tests/Retalix.StoreServer.Model.Test/Selling/Promotions/Setup,2
83251,"R10Auto: GovernmentProgramsParameters returned ""Empty response""",/R10/Main/Release/5.x/5.0.3/Servers/Store/App/Src/BL.BusinessComponents/Promotion/CustomerOrder/BackwardCompatibility/Validators/RewardContractValidator.cs,2,,/R10/Main/Trunk/Servers/Store/App/Src/ServiceHost/Tests/Retalix.StoreServer.Model.Test/Selling/Promotions/Extension/Condition/ConditionExtensionInstaller.cs,2
87678,R10Auto:tax discount cacel,/R10/Main/Trunk/Servers/Store/App/Src/BL.BusinessComponents/Selling/Legacy/RestrictionRule/SellRestrictionActivity/ConditionalRestrictionActivity/Adaptor/ConditionRestrictionActivityContentAdaptor.cs,2,,/R10/Main/Release/5.x/5.0.3/Servers/Store/App/Src/BL.BusinessComponents/Promotion/CustomerOrder/BackwardCompatibility/PartialUpdate/StoreDistributionUpdate.cs,2
83358,R10Auto:TaxExemptionCancel not working,/R10/Main/Release/5.x/5.0.3/Servers/Store/App/Src/BL.BusinessServices/FrontEnd/Promotion/BackwardCompatibility/ModelToContract/DescriptionFactorycs.cs,2,,/R10/Main/Release/5.x/5.0.3/Components/Regional/US/Tax/StoreServer/DB/Scripts/Core/SqlServer/upgrade,2
,,/R10/Main/Release/4.x/4.2/Servers/Store/App/Src/BL.BusinessComponents/Selling/Legacy/RetailTransaction/RetailTransactionLog/RetailTransactionLogbook.cs,2,,/R10/Main/Release/5.x/5.0.3/Servers/Store/App/Src/BL.BusinessServices/FrontEnd/Promotion/BackwardCompatibility/ModelToContract/LevelsFactory.cs,2
,,/R10/Main/Release/5.x/5.0.3/Servers/Store/App/Src/BL.BusinessServices/FrontEnd/Promotion/BackwardCompatibility/Validators/AddOrUpdateValidator.cs,2,,/R10/Main/Release/5.x/5.0.3/Servers/Store/App/Src/BL.BusinessServices/FrontEnd/Promotion/BackwardCompatibility/ModelToContract/ActionsFactory.cs,2
,,/R10/Main/Release/5.x/5.0.3/Servers/Store/App/Src/BL.BusinessServices/FrontEnd/Promotion/BackwardCompatibility/PartialUpdate/PromotionUpdate.cs,2,,/R10/Main/Dev/LKill/Servers/Store/App/Src/BL.BusinessComponents/Selling/Legacy/RetailTransaction/RetailTransactionLog/ObjectModel/Converters,2
,,/R10/Main/Release/5.x/5.0.3/Servers/Store/App/Src/BL.BusinessComponents/Tests/Retalix.StoreServer.PromotionEngine.UnitTest/Promotion/BackwardCompatibility/PromotionFactoryShould.cs,2,,/R10/Main/Release/5.x/5.0.3/Servers/Store/App/Src/BL.BusinessComponents/Promotion/CustomerOrder/BackwardCompatibility/ContractType/ActionTypeCodes.cs,2
,,/R10/Main/Release/5.x/5.0.3/Servers/Store/App/Src/BL.BusinessServices/FrontEnd/Promotion/Mappers/RewardFunctions/RewardTypes.cs,2,,/R10/Main/Release/5.x/5.0.3/Servers/Store/App/Src/BL.BusinessComponents/Promotion/CustomerOrder/BackwardCompatibility/ContractType/ActionAmountOff.cs,2
,,/R10/Main/Release/5.x/5.0.3/Servers/Store/App/Src/BL.BusinessServices/FrontEnd/Promotion/BackwardCompatibility/PartialUpdate/ConditionsUpdate.cs,2,,/R10/Main/Release/5.x/5.0.3/Servers/Store/App/Src/BL.BusinessComponents/Tests/Retalix.StoreServer.PromotionEngine.UnitTest/Promotion/BackwardCompatibility/PromotionUpdateShould.cs,2
,,/R10/Main/Release/5.x/5.0.3/Servers/Store/App/Src/BL.BusinessServices/FrontEnd/Promotion/BackwardCompatibility/ModelToContract/ActiveDaysAndHoursFactorycs.cs,2,,/R10/Main/Release/5.x/5.0.3/Servers/Store/App/Src/BL.BusinessServices/FrontEnd/Promotion/BackwardCompatibility/ModelToContract/RestrictionsFactory.cs,2
,,/R10/Main/Release/5.x/5.0.3/Servers/Store/App/Src/BL.BusinessComponents/Promotion/CustomerOrder/BackwardCompatibility/ContractType/ActionPercentageOff.cs,2,,/R10/Main/Release/5.x/5.0.3/Servers/Store/App/Src/BL.BusinessComponents/Promotion/CustomerOrder/BackwardCompatibility/PartialUpdate/CriteriaUpdate.cs,2
,,/R10/Main/Release/5.x/5.0.3/Servers/Store/App/Src/BL.BusinessServices/FrontEnd/Promotion/BackwardCompatibility/Validators/RewardContractValidator.cs,2,,/R10/Main/Release/5.x/5.0.3/Servers/Store/App/Src/BL.BusinessComponents/Promotion/CustomerOrder/BackwardCompatibility/PartialUpdate/CriterionActionValidator.cs,2
,,/R10/Main/Release/5.x/5.0.3/Servers/Store/App/Src/BL.BusinessComponents/Tests/Retalix.StoreServer.PromotionEngine.UnitTest/Promotion/BackwardCompatibility/ConditionsFactoryShould.cs,2,,/R10/Main/Release/5.x/5.0.3/Servers/Store/App/Src/BL.BusinessServices/FrontEnd/Promotion/BackwardCompatibility/ContractToModel/MatchLimitationsFactory.cs,2
,,/R10/Main/Release/5.x/5.0.3/Servers/Store/App/Src/BL.BusinessServices/FrontEnd/Promotion/BackwardCompatibility/ModelToContract/PromotionModelToContract.cs,2,,/R10/Main/Release/5.x/5.0.3/Servers/Store/App/Src/BL.BusinessComponents/Promotion/CustomerOrder/BackwardCompatibility/ContractType/PromotionLevelType.cs,2
,,/R10/Main/Trunk/Servers/Store/App/Src/Model/Public/Selling/Behavior/OnlineItem/OnlineServices/Maintenance/OLSProfile.cs,2,,/R10/Main/Release/5.x/5.0.3/Servers/Store/App/Src/BL.BusinessComponents/Promotion/CustomerOrder/BackwardCompatibility/V1PromotionConverters/V1DescriptionFactorycs.cs,2
,,/R10/Main/Trunk/Servers/Store/App/Src/ServiceHost/Tests/Retalix.StoreServer.Model.Test/Selling/Promotions/Extension/Condition/ConditionExtensionInstaller.cs,2,,/R10/Main/Release/5.x/5.0.1/Servers/Store/App/Src/BL.BusinessServices/Maintenance/Product/Maintenance/Parts/StoreRangePartOfProductMaintenanceService.cs,2
,,/R10/Main/Release/5.x/5.0.3/Servers/Store/App/Src/BL.BusinessComponents/Promotion/CustomerOrder/BackwardCompatibility/PartialUpdate/StoreDistributionUpdate.cs,2,,/R10/Main/Release/5.x/5.0.3/Servers/Store/App/Src/BL.BusinessComponents/Tests/Retalix.StoreServer.PromotionEngine.UnitTest/Promotion/BackwardCompatibility/PromotionContractValidatorShould.cs,2
,,/R10/Main/Release/5.x/5.0.3/Servers/Store/App/Src/BL.BusinessServices/FrontEnd/Promotion/BackwardCompatibility/ModelToContract/LevelsFactory.cs,2,,/R10/Main/Release/5.x/5.0.3/Servers/Store/App/Src/BL.BusinessServices/FrontEnd/Promotion/BackwardCompatibility/PartialUpdate/CriteriaUpdate.cs,2
,,/R10/Main/Release/5.x/5.0.3/Servers/Store/App/Src/BL.BusinessServices/FrontEnd/Promotion/BackwardCompatibility/ModelToContract/ActionsFactory.cs,2,,/R10/Main/Trunk/Servers/Store/App/Src/BL.BusinessComponents/Selling/Legacy/RestrictionRule/SellRestrictionActivity/ConditionalRestrictionActivity/LogVisitor/ConditionRestrictionLogWriter.cs,2
,,/R10/Main/Release/5.x/5.0.3/Servers/Store/App/Src/BL.BusinessComponents/Promotion/CustomerOrder/BackwardCompatibility/ContractType/ActionTypeCodes.cs,2,,/R10/Main/Release/5.x/5.0.3/Servers/Store/App/Src/BL.BusinessComponents/Promotion/CustomerOrder/BackwardCompatibility/ContractType/PromotionTypeDistribution.cs,2
,,/R10/Main/Trunk/Servers/Store/App/Src/BL.BusinessComponents/Selling/Legacy/RestrictionRule/SellRestrictionActivity/SellRestricitonActivity/Activity/IConditionRestrictionActivityContent.cs,2,,/R10/Main/Release/4.x/4.2/Servers/Store/App/Src/BL.BusinessComponents/Selling/Legacy/RetailTransaction/RetailTransactionLog/ARTSV6_0_0,2
,,/R10/Main/Release/5.x/5.0.3/Servers/Store/App/Src/BL.BusinessComponents/Promotion/CustomerOrder/BackwardCompatibility/ContractType/ActionAmountOff.cs,2,,/R10/Main/Release/5.x/5.0.3/Servers/Store/App/Src/BL.BusinessServices/Tests/FrontEnd.Test/Promotion/BackwardCompatibility/V1EmptyProprtieseRemoverShould.cs,2
,,/R10/Main/Release/5.x/5.0.3/Servers/Store/App/Src/BL.BusinessComponents/Tests/Retalix.StoreServer.PromotionEngine.UnitTest/Promotion/BackwardCompatibility/PromotionUpdateShould.cs,2,,/R10/Main/Release/5.x/5.0.3/Servers/Store/App/Src/BL.BusinessComponents/Tests/Retalix.StoreServer.PromotionEngine.UnitTest/Promotion/BackwardCompatibility/V1PromotionConverters,2
,,/R10/Main/Release/5.x/5.0.3/Servers/Store/App/Src/BL.BusinessServices/FrontEnd/Promotion/BackwardCompatibility/ModelToContract/RestrictionsFactory.cs,2,,/R10/Main/Trunk/Servers/Store/App/Src/BL.BusinessComponents/Selling/Legacy/RestrictionRule/SellRestrictionActivity/ConditionalRestrictionActivity/Activity/ConditionRestrictionActivityContent.cs,2
,,/R10/Main/Release/5.x/5.0.3/Servers/Store/App/Src/BL.BusinessComponents/Promotion/CustomerOrder/BackwardCompatibility/PartialUpdate/CriteriaUpdate.cs,2,,/R10/Main/Release/4.x/4.2/Servers/Store/App/Src/BL.BusinessComponents/Selling/Legacy/RetailTransaction/Helpers/TenderLineLogAdaptor.cs,2
,,/R10/Main/Release/5.x/5.0.3/Servers/Store/App/Src/BL.BusinessComponents/Promotion/CustomerOrder/BackwardCompatibility/PartialUpdate/CriterionActionValidator.cs,2,,/R10/Main/Release/5.x/5.0.3/Servers/Store/App/Src/BL.BusinessServices/FrontEnd/Promotion/BackwardCompatibility/ContractToModel/CriterionsFactory.cs,2
,,/R10/Main/Release/5.x/5.0.3/Servers/Store/App/Src/BL.BusinessServices/FrontEnd/Promotion/BackwardCompatibility/ContractToModel/MatchLimitationsFactory.cs,2,,/R10/Main/Release/5.x/5.0.3/Servers/Store/App/Src/BL.BusinessServices/Tests/FrontEnd.Test/Promotion/BackwardCompatibility/PromotionFactoryMock.cs,2
,,/R10/Main/Release/5.x/5.0.3/Servers/Store/App/Src/BL.BusinessComponents/Promotion/CustomerOrder/BackwardCompatibility/ContractType/PromotionLevelType.cs,2,,/R10/Main/Release/5.x/5.0.3/Servers/Store/App/Src/BL.BusinessComponents/Promotion/CustomerOrder/BackwardCompatibility/V1PromotionConverters/V1ActiveDaysAndHoursFactorycs.cs,2
,,/R10/Main/Release/5.x/5.0.3/Servers/Store/App/Src/BL.BusinessComponents/Promotion/CustomerOrder/BackwardCompatibility/V1PromotionConverters/V1DescriptionFactorycs.cs,2,,/R10/Main/Release/5.x/5.0.3/Servers/Store/App/Src/BL.BusinessServices/FrontEnd/Promotion/BackwardCompatibility/ContractToModel/ConditionsFactory.cs,2
,,/R10/Main/Release/5.x/5.0.3/Servers/Store/App/Src/BL.BusinessComponents/Tests/Retalix.StoreServer.PromotionEngine.UnitTest/Promotion/BackwardCompatibility/PromotionContractValidatorShould.cs,2,,/R10/Main/Release/5.x/5.0.3/Servers/Store/App/Src/BL.BusinessComponents/Promotion/CustomerOrder/BackwardCompatibility/V1PromotionConverters/V1ConditionsFactory.cs,2
,,/R10/Main/Trunk/Servers/Store/App/Src/Model/Public/Selling/Behavior/OnlineItem/OnlineServices/Maintenance/IOLSProfileDao.cs,2,,/R10/Main/Release/5.x/5.0.3/Servers/Store/App/Src/BL.BusinessComponents/Promotion/CustomerOrder/BackwardCompatibility/ContractType/ActiveDayType.cs,2
,,/R10/Main/Release/5.x/5.0.3/Servers/Store/App/Src/BL.BusinessServices/FrontEnd/Promotion/BackwardCompatibility/PartialUpdate/CriteriaUpdate.cs,2,,/R10/Main/Release/5.x/5.0.3/Servers/Store/App/Src/BL.BusinessComponents/Promotion/CustomerOrder/BackwardCompatibility/V1PromotionConverters/V1ActionsFactory.cs,2
,,/R10/Main/Release/5.x/5.0.3/Servers/Store/App/Src/BL.BusinessComponents/Promotion/CustomerOrder/BackwardCompatibility/ContractType/PromotionTypeDistribution.cs,2,,/R10/Main/Release/5.x/5.0.3/Office/Src/Modules/Promotion/Web/ViewModels/DataMapping/Helpers/MapToViewModel/Converters,2
,,/R10/Main/Release/4.x/4.2/Servers/Store/App/Src/BL.BusinessComponents/Selling/Legacy/RetailTransaction/RetailTransactionLog/ARTSV6_0_0,2,,/R10/Main/Release/5.x/5.0.3/Servers/Store/App/Src/BL.BusinessServices/FrontEnd/Promotion/BackwardCompatibility/ContractToModel/DateTimeFactory.cs,2
,,/R10/Main/Release/4.x/4.2/Servers/Store/App/Src/BL.BusinessComponents/Selling/Legacy/RetailTransaction/Helpers/TenderLineLogAdaptor.cs,2,,/R10/Main/Trunk/Servers/Store/App/Src/BL.BusinessComponents/Selling/Legacy/RetailTransaction/TransactionLog/ControlTransactionLog/Converters/ControlTransactionLogDomainContractReader.cs,2
,,/R10/Main/Release/5.x/5.0.3/Servers/Store/App/Src/BL.BusinessServices/FrontEnd/Promotion/BackwardCompatibility/ContractToModel/CriterionsFactory.cs,2,,/R10/Main/Release/5.x/5.0.3/Servers/Store/App/Src/BL.BusinessServices/FrontEnd/Promotion/BackwardCompatibility/ModelToContract/FinancialFactory.cs,2
,,/R10/Main/Release/5.x/5.0.3/Servers/Store/App/Src/BL.BusinessComponents/Promotion/CustomerOrder/BackwardCompatibility/V1PromotionConverters/V1ActiveDaysAndHoursFactorycs.cs,2,,/R10/Main/Release/5.x/5.0.3/Servers/Store/App/Src/BL.BusinessComponents/Promotion/CustomerOrder/BackwardCompatibility/PartialUpdate/DescriptionUpdate.cs,2
,,/R10/Main/Release/5.x/5.0.3/Servers/Store/App/Src/BL.BusinessServices/FrontEnd/Promotion/BackwardCompatibility/ContractToModel/ConditionsFactory.cs,2,,/R10/Main/Trunk/Servers/Store/App/Src/BL.BusinessComponents/Selling/Legacy/RestrictionRule/SellRestrictionActivity/BrmSellRestrictionActivity/RetailTransactionLogCreateVisitor/BrmSellRestrictionRetailTransactionLogCreationWriter.cs,2
,,/R10/Main/Release/5.x/5.0.3/Servers/Store/App/Src/BL.BusinessComponents/Promotion/CustomerOrder/BackwardCompatibility/V1PromotionConverters/V1ConditionsFactory.cs,2,,/R10/Main/Release/5.x/5.0.3/Servers/Store/App/Src/BL.BusinessServices/FrontEnd/Promotion/BackwardCompatibility/ModelToContract/EmptyProprtieseRemover.cs,2
,,/R10/Main/Release/5.x/5.0.3/Servers/Store/App/Src/BL.BusinessComponents/Promotion/CustomerOrder/BackwardCompatibility/ContractType/ActiveDayType.cs,2,,/R10/Main/Release/5.x/5.0.3/Servers/Store/App/Src/BL.BusinessComponents/Promotion/CustomerOrder/BackwardCompatibility/V1PromotionConverters/V1DistributionFactory.cs,2
,,/R10/Main/Release/5.x/5.0.3/Servers/Store/App/Src/BL.BusinessComponents/Promotion/CustomerOrder/BackwardCompatibility/V1PromotionConverters/V1ActionsFactory.cs,2,,/R10/Main/Release/5.x/5.0.3/Servers/Store/App/Src/BL.BusinessServices/Tests/FrontEnd.Test/Promotion/BackwardCompatibility/BackwardCompatibilityAdaptorShould.cs,2
,,/R10/Main/Release/5.x/5.0.3/Office/Src/Modules/Promotion/Web/ViewModels/DataMapping/Helpers/MapToViewModel/Converters,2,,/R10/Main/Release/5.x/5.0.3/Servers/Store/App/Src/BL.BusinessServices/FrontEnd/Promotion/BackwardCompatibility/Validators/PromotionContractValidator.cs,2
,,/R10/Main/Release/5.x/5.0.3/Servers/Store/App/Src/BL.BusinessServices/FrontEnd/Promotion/BackwardCompatibility/ContractToModel/DateTimeFactory.cs,2,,/R10/Main/Release/5.x/5.0.3/Servers/Store/App/Src/BL.BusinessComponents/Promotion/CustomerOrder/BackwardCompatibility/V1PromotionConverters/V1ActionsBuilder.cs,2
,,/R10/Main/Trunk/Servers/Store/App/Src/BL.BusinessComponents/Selling/Legacy/RetailTransaction/TransactionLog/ControlTransactionLog/Converters/ControlTransactionLogDomainContractReader.cs,2,,/R10/Main/Release/5.x/5.0.3/Servers/Store/App/Src/BL.BusinessServices/FrontEnd/Promotion/BackwardCompatibility/Validators/ConditionsContractValidator.cs,2
,,/R10/Main/Release/5.x/5.0.3/Servers/Store/App/Src/BL.BusinessServices/FrontEnd/Promotion/BackwardCompatibility/ModelToContract/FinancialFactory.cs,2,,/R10/Main/Release/5.x/5.0.3/Servers/Store/App/Src/BL.BusinessServices/FrontEnd/Promotion/BackwardCompatibility/ContractToModel/RewardsFactory.cs,2
,,/R10/Main/Release/5.x/5.0.3/Servers/Store/App/Src/BL.BusinessComponents/Promotion/CustomerOrder/BackwardCompatibility/PartialUpdate/DescriptionUpdate.cs,2,,/R10/Main/Release/5.x/5.0.3/Servers/Store/App/Src/BL.BusinessComponents/Promotion/CustomerOrder/BackwardCompatibility/ContractType/RetalixDescriptionCommonData.cs,2
,,/R10/Main/Trunk/Servers/Store/App/Src/BL.BusinessComponents/Selling/Legacy/RestrictionRule/SellRestrictionActivity/BrmSellRestrictionActivity/RetailTransactionLogCreateVisitor/BrmSellRestrictionRetailTransactionLogCreationWriter.cs,2,,/R10/Main/Release/5.x/5.0.3/Servers/Store/App/Src/BL.BusinessServices/FrontEnd/Promotion/BackwardCompatibility/ContractToModel/LevelRewardsFactory.cs,2
,,/R10/Main/Release/5.x/5.0.3/Servers/Store/App/Src/BL.BusinessServices/FrontEnd/Promotion/BackwardCompatibility/ModelToContract/EmptyProprtieseRemover.cs,2,,/R10/Main/Release/5.x/5.0.3/Servers/Store/App/Src/BL.BusinessComponents/Promotion/CustomerOrder/BackwardCompatibility/V1PromotionConverters/V1LevelsFactory.cs,2
,,/R10/Main/Release/5.x/5.0.3/Servers/Store/App/Src/BL.BusinessComponents/Promotion/CustomerOrder/BackwardCompatibility/V1PromotionConverters/V1DistributionFactory.cs,2,,/R10/Main/Release/5.x/5.0.3/Servers/Store/App/Src/BL.BusinessComponents/Promotion/CustomerOrder/BackwardCompatibility/V1PromotionConverters/V1PromotionFactory.cs,2
,,/R10/Main/Release/5.x/5.0.3/Servers/Store/App/Src/BL.BusinessServices/FrontEnd/Promotion/BackwardCompatibility/Validators/PromotionContractValidator.cs,2,,/R10/Main/Release/5.x/5.0.3/Servers/Store/App/Src/BL.BusinessComponents/Promotion/CustomerOrder/BackwardCompatibility/V1PromotionConverters/V1FinancialFactory.cs,2
,,/R10/Main/Release/5.x/5.0.3/Servers/Store/App/Src/BL.BusinessComponents/Promotion/CustomerOrder/BackwardCompatibility/V1PromotionConverters/V1ActionsBuilder.cs,2,,/R10/Main/Release/5.x/5.0.3/Servers/Store/App/Src/BL.BusinessServices/Tests/FrontEnd.Test/Promotion/BackwardCompatibility/ModelToContract,1
,,/R10/Main/Release/5.x/5.0.3/Servers/Store/App/Src/BL.BusinessServices/FrontEnd/Promotion/BackwardCompatibility/Validators/ConditionsContractValidator.cs,2,,/R10/Main/Release/5.x/5.0.3/Servers/Store/App/Src/BL.BusinessComponents/Selling/Rescan/DMS/RescanPolicy/RescanEntityToDtoMapper.cs,1
,,/R10/Main/Release/5.x/5.0.3/Servers/Store/App/Src/BL.BusinessServices/FrontEnd/Promotion/BackwardCompatibility/ContractToModel/RewardsFactory.cs,2,,/R10/Main/Release/5.x/5.0.0/Servers/Store/App/Src/ServiceHost/Tests/Retalix.StoreServer.Model.Test/Selling/Sell/SellingQuantityModifierShould.cs,1
,,/R10/Main/Release/5.x/5.0.3/Servers/Store/App/Src/BL.BusinessComponents/Promotion/CustomerOrder/BackwardCompatibility/ContractType/RetalixDescriptionCommonData.cs,2,,/R10/Main/Dev/LKill/Servers/Store/App/Src/BL.BusinessComponents/Selling/CustomerOrders/Lines/Factory/Validators/ReturnPriceVerifyRequiredValidator.cs,1
,,/R10/Main/Release/5.x/5.0.3/Servers/Store/App/Src/BL.BusinessServices/FrontEnd/Promotion/BackwardCompatibility/ContractToModel/LevelRewardsFactory.cs,2,,/R10/Main/Release/5.x/5.0.3/Servers/Store/App/Src/BL.BusinessComponents/Promotion/Coupons/BusinessRules/Conditions/CouponRuleCondition.cs,1
,,/R10/Main/Release/5.x/5.0.3/Servers/Store/App/Src/BL.BusinessComponents/Promotion/CustomerOrder/BackwardCompatibility/V1PromotionConverters/V1LevelsFactory.cs,2,,/R10/Main/Release/5.x/5.0.1/Servers/Store/App/Src/BL.BusinessServices/FrontEnd/LineItem/LineItemAdd/Handlers/LineItemAddRequestValidator.cs,1
,,/R10/Main/Release/5.x/5.0.3/Servers/Store/App/Src/BL.BusinessComponents/Promotion/CustomerOrder/BackwardCompatibility/V1PromotionConverters/V1PromotionFactory.cs,2,,/R10/Main/Release/5.x/5.0.1/Servers/Store/App/Src/BL.BusinessServices/Tests/FrontEnd.Test/DMS/DmsServices/PhysicalToLogicalHierarchyMovableDaoShould.cs,1
,,/R10/Main/Release/5.x/5.0.3/Servers/Store/App/Src/BL.BusinessComponents/Promotion/CustomerOrder/BackwardCompatibility/V1PromotionConverters/V1FinancialFactory.cs,2,,/R10/Main/Release/4.x/4.2/Servers/Store/DB/Scripts/CDM/SqlServer/upgrade/10.4.2.8_10.4.2.9/Schema/CustomerIdentificationUpgrade.sql,1
,,/R10/Main/Release/5.x/5.0.3/Servers/Store/App/Src/BL.BusinessComponents/Selling/Rescan/DMS/RescanPolicy/RescanEntityToDtoMapper.cs,1,,/R10/Main/Release/5.x/5.0.1/Servers/Store/App/Src/BL.BusinessComponents/Selling/DomainEventHandlers/CustomerOrder/Validators/OrderLineWeightValidator.cs,1
,,/R10/Main/Release/5.x/5.0.0/Servers/Store/App/Src/ServiceHost/Tests/Retalix.StoreServer.Model.Test/Selling/Sell/SellingQuantityModifierShould.cs,1,,/R10/Main/Release/4.x/4.2/Servers/Store/App/Src/BL.BusinessComponents/Product/Legacy/Item/RetailTransactionLog/Adapters,1
,,/R10/Main/Dev/LKill/Servers/Store/App/Src/BL.BusinessComponents/Selling/CustomerOrders/Lines/Factory/Validators/ReturnPriceVerifyRequiredValidator.cs,1,,/R10/Main/Release/5.x/5.0.3/Servers/Store/App/Src/ServiceHost/Tests/Retalix.StoreServer.Model.Test/BusinessServices/Return/ReturnPolicySaveServiceShould.cs,1
,,/R10/Main/Release/5.x/5.0.3/Servers/Store/App/Src/BL.BusinessComponents/Promotion/Coupons/BusinessRules/Conditions/CouponRuleCondition.cs,1,,/R10/Main/Release/4.x/4.2/Office/Src/Modules/Promotion/Web/ViewModels/DataMapping/Helpers/MapFromViewModel/ConditionsFromViewModelMappingConfiguration.cs,1
,,/R10/Main/Release/5.x/5.0.1/Servers/Store/App/Src/BL.BusinessServices/FrontEnd/LineItem/LineItemAdd/Handlers/LineItemAddRequestValidator.cs,1,,/R10/Main/Release/4.x/4.2/Servers/Store/App/Src/BL.BusinessComponents/Selling/Legacy/RetailTransaction/TransactionLog/Arts6LogWrtiers,1
,,/R10/Main/Release/5.x/5.0.1/Servers/Store/App/Src/BL.BusinessServices/Tests/FrontEnd.Test/DMS/DmsServices/PhysicalToLogicalHierarchyMovableDaoShould.cs,1,,/R10/Main/Release/4.x/4.2/Office/Src/Modules/Promotion/Web/ViewModels/DataMapping/Helpers/MapToViewModel/ConditionsToViewModelMappingConfiguration.cs,1
,,/R10/Main/Release/4.x/4.2/Servers/Store/DB/Scripts/CDM/SqlServer/upgrade/10.4.2.8_10.4.2.9/Schema/CustomerIdentificationUpgrade.sql,1,,/R10/Main/Trunk/Office/Src/Modules/Promotion/Web/ViewModels/Promotion/Canvas/Criteria/TargetMarket/DataMapping/ConditionPromotionTargetMarketMapper.cs,1
,,/R10/Main/Release/5.x/5.0.1/Servers/Store/App/Src/BL.BusinessComponents/Selling/DomainEventHandlers/CustomerOrder/Validators/OrderLineWeightValidator.cs,1,,/R10/Main/Trunk/Servers/Store/App/Src/BL.BusinessComponents/Selling/Legacy/RestrictionRule/SellRestrictionActivity/SellRestricitonActivity/ActivityFactory/IConditionalRestrictionActivityFactory.cs,1
,,/R10/Main/Release/4.x/4.2/Servers/Store/App/Src/BL.BusinessComponents/Product/Legacy/Item/RetailTransactionLog/Adapters,1,,/R10/Main/Release/4.x/4.2/Servers/Store/App/Src/BL.BusinessComponents/Finance/BusinessRules/Tender/ProhibitOverTender/ProhibitOverTenderRule.cs,1
,,/R10/Main/Release/5.x/5.0.3/Servers/Store/App/Src/ServiceHost/Tests/Retalix.StoreServer.Model.Test/BusinessServices/Return/ReturnPolicySaveServiceShould.cs,1,,/R10/Main/Release/5.x/5.0.1/Servers/Store/App/Src/ServiceHost/Tests/Retalix.StoreServer.Model.Test/BusinessServices/TenderEligibility/ReversibleEligibilityTendersLookupServiceShould.cs,1
,,/R10/Main/Release/4.x/4.2/Office/Src/Modules/Promotion/Web/ViewModels/DataMapping/Helpers/MapFromViewModel/ConditionsFromViewModelMappingConfiguration.cs,1,,/R10/Main/Trunk/Clients/MobileShopper/Android/MobilePaymentGeneric/src/com/retalix/mobilepaymentgeneric/ui/fragments/selfscan/ShoppingListEditItemFragment.java,1
,,/R10/Main/Release/4.x/4.2/Office/Src/Modules/Promotion/Web/ViewModels/DataMapping/Helpers/MapToViewModel/ConditionsToViewModelMappingConfiguration.cs,1,,/R10/Main/Trunk/Servers/Store/App/Src/BL.BusinessComponents/Selling/Legacy/RetailTransaction/RetailTransactionLog/ObjectModel/Converters/SlipImageContractReader.cs,1
,,/R10/Main/Trunk/Office/Src/Modules/Promotion/Web/ViewModels/Promotion/Canvas/Criteria/TargetMarket/DataMapping/ConditionPromotionTargetMarketMapper.cs,1,,/R10/Main/Trunk/Office/Src/Modules/Promotion/Web/ViewModels/Promotion/Canvas/Rewards/MonetaryRewards/FreeItem/PromotionActionFreeItem.cs,1
,,/R10/Main/Trunk/Servers/Store/App/Src/BL.BusinessComponents/Selling/Legacy/RestrictionRule/SellRestrictionActivity/SellRestricitonActivity/ActivityFactory/IConditionalRestrictionActivityFactory.cs,1,,/R10/Main/Trunk/Office/Src/Modules/Promotion/Web/ViewModels/Promotion/Canvas/Rewards/MonetaryRewards/PercentOff/PromotionActionPercentOff.cs,1
,,/R10/Main/Release/4.x/4.2/Servers/Store/App/Src/BL.BusinessComponents/Finance/BusinessRules/Tender/ProhibitOverTender/ProhibitOverTenderRule.cs,1,,/R10/Main/Release/5.x/5.0.0/Servers/Store/DB/Scripts/Core/SqlServer/schema/Catalog/Product/CAT_Hierarchy.sql,1
,,/R10/Main/Release/5.x/5.0.1/Servers/Store/App/Src/ServiceHost/Tests/Retalix.StoreServer.Model.Test/BusinessServices/TenderEligibility/ReversibleEligibilityTendersLookupServiceShould.cs,1,,/R10/Main/Trunk/Servers/Store/App/Src/Model/Private/Selling/Legacy/RetailTransaction/TransactionLog/SavingAccount/ISavingAccountTransactionLogLine.cs,1
,,/R10/Main/Trunk/Clients/MobileShopper/Android/MobilePaymentGeneric/src/com/retalix/mobilepaymentgeneric/ui/fragments/selfscan/ShoppingListEditItemFragment.java,1,,/R10/Main/Release/5.x/5.0.1/Servers/Store/App/Src/ServiceHost/Tests/Retalix.StoreServer.DAL.UnitTest/DMS/DmsServerInfo/PhysicalToLogicalRepositoryShould.cs,1
,,/R10/Main/Trunk/Servers/Store/App/Src/BL.BusinessComponents/Selling/Legacy/RetailTransaction/RetailTransactionLog/ObjectModel/Converters/SlipImageContractReader.cs,1,,/R10/Main/Trunk/Servers/Store/App/Src/ServiceHost/Tests/Retalix.StoreServer.Model.Test/Selling/Promotions/Setup/Fluent/PromV2Builder.cs,1
,,/R10/Main/Trunk/Office/Src/Modules/Promotion/Web/ViewModels/Promotion/Canvas/Rewards/MonetaryRewards/FreeItem/PromotionActionFreeItem.cs,1,,/R10/Main/Release/5.x/5.0.3/Servers/Store/App/Src/ServiceHost/Tests/Retalix.StoreServer.Model.Test/BusinessServices/TenderEligibility/ReverseTendersEligibilityServiceShould.cs,1
,,/R10/Main/Trunk/Office/Src/Modules/Promotion/Web/ViewModels/Promotion/Canvas/Rewards/MonetaryRewards/PercentOff/PromotionActionPercentOff.cs,1,,/R10/Main/Trunk/Servers/Store/App/Src/BL.BusinessComponents/Selling/Legacy/RestrictionRule/SellRestrictionActivity/ConditionalRestrictionActivity/Locator/ConditionRestricitionActivityFactoryLocator.cs,1
,,/R10/Main/Release/5.x/5.0.0/Servers/Store/DB/Scripts/Core/SqlServer/schema/Catalog/Product/CAT_Hierarchy.sql,1,,/R10/Main/Trunk/Servers/Store/App/Src/BL.BusinessComponents/Selling/Legacy/RestrictionRule/SellRestrictionActivity/BrmSellRestrictionActivity/Activity/BrmSaleRestrictionActivityContent.cs,1
,,/R10/Main/Trunk/Servers/Store/App/Src/Model/Private/Selling/Legacy/RetailTransaction/TransactionLog/SavingAccount/ISavingAccountTransactionLogLine.cs,1,,/R10/Main/Trunk/Servers/Store/App/Src/ServiceHost/Tests/Retalix.StoreServer.Model.Test/Selling/Promotions/Extension/Condition/ConditionExtensionShould.cs,1
,,/R10/Main/Release/5.x/5.0.1/Servers/Store/App/Src/ServiceHost/Tests/Retalix.StoreServer.DAL.UnitTest/DMS/DmsServerInfo/PhysicalToLogicalRepositoryShould.cs,1,,/R10/Main/Dev/LKill/Servers/Store/App/Src/BL.BusinessComponents/Selling/Legacy/RetailTransaction/RetailTransactionLog/ARTSV6_0_0/SaleLineLog.cs,1
,,/R10/Main/Trunk/Servers/Store/App/Src/ServiceHost/Tests/Retalix.StoreServer.Model.Test/Selling/Promotions/Setup/Fluent/PromV2Builder.cs,1,,/R10/Main/Release/4.x/4.2/Servers/Store/DB/Scripts/Core/SqlServer/upgrade/10.4.2.13_10.4.2.14/Schema/DMS_ContextData.sql,1
,,/R10/Main/Release/5.x/5.0.3/Servers/Store/App/Src/ServiceHost/Tests/Retalix.StoreServer.Model.Test/BusinessServices/TenderEligibility/ReverseTendersEligibilityServiceShould.cs,1,,/R10/Main/Trunk/Servers/Store/App/Src/Model/Private/Selling/Legacy/RetailTransaction/TransactionLog/SavingAccount/ISavingAccountTransactionLogDao.cs,1
,,/R10/Main/Trunk/Servers/Store/App/Src/BL.BusinessComponents/Selling/Legacy/RestrictionRule/SellRestrictionActivity/ConditionalRestrictionActivity/Locator/ConditionRestricitionActivityFactoryLocator.cs,1,,/R10/Main/Release/5.x/5.0.3/Servers/Store/App/Src/ServiceHost/Tests/Retalix.StoreServer.Model.Test/BusinessServices/TenderEligibility/ReversibleEligibilityTendersLookupServiceShould.cs,1
,,/R10/Main/Trunk/Servers/Store/App/Src/BL.BusinessComponents/Selling/Legacy/RestrictionRule/SellRestrictionActivity/BrmSellRestrictionActivity/Activity/BrmSaleRestrictionActivityContent.cs,1,,/R10/Main/Release/5.x/5.0.3/Servers/Store/App/Src/BL.BusinessServices/Tests/FrontEnd.Test/Promotion/BackwardCompatibility/PromotionXml,1
,,/R10/Main/Trunk/Servers/Store/App/Src/ServiceHost/Tests/Retalix.StoreServer.Model.Test/Selling/Promotions/Extension/Condition/ConditionExtensionShould.cs,1,,/R10/Main/Release/4.x/4.2/Servers/Store/App/Src/Model/Private/Infrastructure/DataPattern/DatapatternMetadata/IDataPatternMetadataDao.cs,1
,,/R10/Main/Dev/LKill/Servers/Store/App/Src/BL.BusinessComponents/Selling/Legacy/RetailTransaction/RetailTransactionLog/ARTSV6_0_0/SaleLineLog.cs,1,,/R10/Main/Trunk/Office/Src/Modules/Promotion/Web/ViewModels/Promotion/Canvas/Criteria/TenderSpend/DataMapping/ConditionPromotionTenderSpendMapper.cs,1
,,/R10/Main/Release/4.x/4.2/Servers/Store/DB/Scripts/Core/SqlServer/upgrade/10.4.2.13_10.4.2.14/Schema/DMS_ContextData.sql,1,,/R10/Main/Dev/LKill/Servers/Store/App/Src/BL.BusinessComponents/Selling/Legacy/RetailTransaction/RetailTransactionLog/ARTSV6_0_0/ItemNotFoundLineLogReader.cs,1
,,/R10/Main/Trunk/Servers/Store/App/Src/Model/Private/Selling/Legacy/RetailTransaction/TransactionLog/SavingAccount/ISavingAccountTransactionLogDao.cs,1,,/R10/Main/Release/5.x/5.0.1/Servers/Store/App/Src/BL.BusinessServices/Tests/FrontEnd.Test/Promotion/Mock/ResolverMock.cs,1
,,/R10/Main/Release/5.x/5.0.3/Servers/Store/App/Src/ServiceHost/Tests/Retalix.StoreServer.Model.Test/BusinessServices/TenderEligibility/ReversibleEligibilityTendersLookupServiceShould.cs,1,,/R10/Main/Trunk/Servers/Store/App/Src/BL.BusinessComponents/Selling/Legacy/RestrictionRule/SellRestrictionActivity/SellRestricitonActivity/Activity/IBrmSellRestricitionActivityContent.cs,1
,,/R10/Main/Release/4.x/4.2/Servers/Store/App/Src/Model/Private/Infrastructure/DataPattern/DatapatternMetadata/IDataPatternMetadataDao.cs,1,,/R10/Main/Trunk/Servers/Store/App/Src/BL.BusinessComponents/Selling/Legacy/RestrictionRule/SellRestrictionActivity/ConditionalRestrictionActivity/Activity/ConditionRestricitionActivityContentData.cs,1
,,/R10/Main/Trunk/Office/Src/Modules/Promotion/Web/ViewModels/Promotion/Canvas/Criteria/TenderSpend/DataMapping/ConditionPromotionTenderSpendMapper.cs,1,,/R10/Main/Release/4.x/4.2/Servers/Store/DB/Scripts/Core/SqlServer/upgrade/10.4.2.8_10.4.2.9/Schema/UpdateIdmPasswordHistoryUsesrName.sql,1
,,/R10/Main/Dev/LKill/Servers/Store/App/Src/BL.BusinessComponents/Selling/Legacy/RetailTransaction/RetailTransactionLog/ARTSV6_0_0/ItemNotFoundLineLogReader.cs,1,,/R10/Main/Trunk/Servers/Store/App/Src/BL.BusinessComponents/Selling/Legacy/RestrictionRule/SellRestrictionActivity/ConditionalRestrictionActivity/LogVisitor/ConditionRestrictionNotSetisfiedLogData.cs,1
,,/R10/Main/Release/5.x/5.0.1/Servers/Store/App/Src/BL.BusinessServices/Tests/FrontEnd.Test/Promotion/Mock/ResolverMock.cs,1,,/R10/Main/Trunk/Servers/Store/App/Src/ServiceHost/Tests/Retalix.StoreServer.Model.Test/Selling/Promotions/Extension/Criteria/ReturnProductIdPromotionCriterion.cs,1
,,/R10/Main/Trunk/Servers/Store/App/Src/BL.BusinessComponents/Selling/Legacy/RestrictionRule/SellRestrictionActivity/SellRestricitonActivity/Activity/IBrmSellRestricitionActivityContent.cs,1,,/R10/Main/Release/5.x/5.0.1/Servers/Store/App/Src/ServiceHost/Tests/Retalix.StoreServer.Model.Test/Extensibility/IDM/ClientSessionManager,1
,,/R10/Main/Trunk/Servers/Store/App/Src/BL.BusinessComponents/Selling/Legacy/RestrictionRule/SellRestrictionActivity/ConditionalRestrictionActivity/Activity/ConditionRestricitionActivityContentData.cs,1,,/R10/Main/Release/5.x/5.0.1/Servers/Store/App/Src/Model/Public/Infrastructure/Security/Identity/ILoginRecord.cs,1
,,/R10/Main/Release/4.x/4.2/Servers/Store/DB/Scripts/Core/SqlServer/upgrade/10.4.2.8_10.4.2.9/Schema/UpdateIdmPasswordHistoryUsesrName.sql,1,,/R10/Main/Trunk/Servers/Store/App/Src/BL.BusinessComponents/Selling/Legacy/RetailTransaction/RetailTransactionLog/ObjectModel/Converters/SaleLineTaxLog.cs,1
,,/R10/Main/Trunk/Servers/Store/App/Src/ServiceHost/Tests/Retalix.StoreServer.Model.Test/Selling/Promotions/Extension/Criteria/ReturnProductIdPromotionCriterion.cs,1,,/R10/Main/Trunk/Servers/Store/App/Src/ServiceHost/Tests/Retalix.StoreServer.Model.Test/Selling/Promotions/Extension/Criteria/ReturnProductIdPromotionCriterion.hbm.xml,1
,,/R10/Main/Release/5.x/5.0.1/Servers/Store/App/Src/ServiceHost/Tests/Retalix.StoreServer.Model.Test/Extensibility/IDM/ClientSessionManager,1,,/R10/Main/Release/5.x/5.0.1/Servers/Store/App/Src/ServiceHost/Tests/Retalix.StoreServer.Model.Test/BusinessServices/TenderEligibility/ReverseTendersEligibilityServiceShould.cs,1
,,/R10/Main/Release/5.x/5.0.1/Servers/Store/App/Src/Model/Public/Infrastructure/Security/Identity/ILoginRecord.cs,1,,/R10/Main/Trunk/Servers/Store/App/Src/BL.BusinessComponents/Selling/Legacy/RestrictionRule/SellRestrictionActivity/SellRestricitonActivity/Activity/IBrmSellRestricitionActivityContentData.cs,1
,,/R10/Main/Trunk/Servers/Store/App/Src/BL.BusinessComponents/Selling/Legacy/RetailTransaction/RetailTransactionLog/ObjectModel/Converters/SaleLineTaxLog.cs,1,,/R10/Main/Release/5.x/5.0.3/Servers/Store/App/Src/ServiceHost/Tests/Retalix.StoreServer.Model.Test/Selling/Return/ReturnAllProductsShould.cs,1
,,/R10/Main/Trunk/Servers/Store/App/Src/ServiceHost/Tests/Retalix.StoreServer.Model.Test/Selling/Promotions/Extension/Criteria/ReturnProductIdPromotionCriterion.hbm.xml,1,,/R10/Main/Release/5.x/5.0.1/Servers/Store/App/Src/ServiceHost/Tests/Retalix.StoreServer.Model.Test/Infrastructure/Security/ClientSessionShould.cs,1
,,/R10/Main/Release/5.x/5.0.1/Servers/Store/App/Src/ServiceHost/Tests/Retalix.StoreServer.Model.Test/BusinessServices/TenderEligibility/ReverseTendersEligibilityServiceShould.cs,1,,/R10/Main/Release/5.x/5.0.3/Servers/Store/App/Src/BL.BusinessServices/Tests/FrontEnd.Test/Promotion/BackwardCompatibility/ContractToModel,1
,,/R10/Main/Trunk/Servers/Store/App/Src/BL.BusinessComponents/Selling/Legacy/RestrictionRule/SellRestrictionActivity/SellRestricitonActivity/Activity/IBrmSellRestricitionActivityContentData.cs,1,,/R10/Main/Release/5.x/5.0.3/Servers/Store/App/Src/BL.BusinessServices/Tests/FrontEnd.Test/Promotion/BackwardCompatibility/EmptyProprtieseRemoverShould.cs,1
,,/R10/Main/Release/5.x/5.0.3/Servers/Store/App/Src/ServiceHost/Tests/Retalix.StoreServer.Model.Test/Selling/Return/ReturnAllProductsShould.cs,1,,/R10/Main/Release/5.x/5.0.3/Servers/Store/App/Src/ServiceHost/Tests/Retalix.StoreServer.Model.Test/Selling/Rescan/RescanPolicyCompatibilityMovableServicesResolverShould.cs,1
,,/R10/Main/Release/5.x/5.0.1/Servers/Store/App/Src/ServiceHost/Tests/Retalix.StoreServer.Model.Test/Infrastructure/Security/ClientSessionShould.cs,1,,/R10/Main/Release/5.x/5.0.0/Servers/Store/App/Src/BL.BusinessComponents/Promotion/CustomerOrder/Rewards/Functions/NewPricePerUnitOfMeasureRewardFunction.cs,1
,,/R10/Main/Release/5.x/5.0.3/Servers/Store/App/Src/BL.BusinessServices/Tests/FrontEnd.Test/Promotion/BackwardCompatibility/EmptyProprtieseRemoverShould.cs,1,,/R10/Main/Trunk/Servers/Store/App/Src/ServiceHost/Tests/Retalix.StoreServer.Model.Test/Selling/Promotions/Extension/Condition/ConditionExtension.cs,1
,,/R10/Main/Release/5.x/5.0.3/Servers/Store/App/Src/ServiceHost/Tests/Retalix.StoreServer.Model.Test/Selling/Rescan/RescanPolicyCompatibilityMovableServicesResolverShould.cs,1,,/R10/Main/Release/5.x/5.0.3/Servers/Store/App/Src/ServiceHost/Tests/Retalix.StoreServer.Model.Test/Data/Products/ProductFactory.cs,1
,,/R10/Main/Release/5.x/5.0.0/Servers/Store/App/Src/BL.BusinessComponents/Promotion/CustomerOrder/Rewards/Functions/NewPricePerUnitOfMeasureRewardFunction.cs,1,,/R10/Main/Release/4.x/4.2/Servers/Store/App/Src/BL.BusinessComponents/Selling/Legacy/RestrictionRule/ServiceExecution/RestrictionRuleResponseRewriter.cs,1
,,/R10/Main/Trunk/Servers/Store/App/Src/ServiceHost/Tests/Retalix.StoreServer.Model.Test/Selling/Promotions/Extension/Condition/ConditionExtension.cs,1,,/R10/Main/Release/4.x/4.2/Servers/Store/DB/Scripts/Core/SqlServer/upgrade/10.4.2.9_10.4.2.10/Data/DMS_MovableRoutingMethods.sql,1
,,/R10/Main/Release/5.x/5.0.3/Servers/Store/App/Src/ServiceHost/Tests/Retalix.StoreServer.Model.Test/Data/Products/ProductFactory.cs,1,,/R10/Main/Release/5.x/5.0.3/Office/Src/Modules/BusinessRules/Contracts/ViewModels/BusinessRules/Conditions/Mappers/PaymentConditionViewModelMapper.cs,1
,,/R10/Main/Release/4.x/4.2/Servers/Store/App/Src/BL.BusinessComponents/Selling/Legacy/RestrictionRule/ServiceExecution/RestrictionRuleResponseRewriter.cs,1,,/R10/Main/Release/4.x/4.2/Servers/Store/App/Src/BL.BusinessServices/Tests/Retalix.StoreServer.Tests/Server/DataPattern/DataPatternMetadataValidatorShould.cs,1
,,/R10/Main/Release/4.x/4.2/Servers/Store/DB/Scripts/Core/SqlServer/upgrade/10.4.2.9_10.4.2.10/Data/DMS_MovableRoutingMethods.sql,1,,/R10/Main/Trunk/Servers/Store/App/Src/BL.BusinessComponents/Selling/Legacy/RestrictionRule/SellRestrictionActivity/ConditionalRestrictionActivity/Factory/ConditionalRestrictionActivityFactory.cs,1
,,/R10/Main/Release/5.x/5.0.3/Office/Src/Modules/BusinessRules/Contracts/ViewModels/BusinessRules/Conditions/Mappers/PaymentConditionViewModelMapper.cs,1,,/R10/Main/Trunk/Servers/Store/App/Src/ServiceHost/Tests/Retalix.StoreServer.Model.Test/Selling/Promotions/Extension/Condition/ConditionExtension.hbm.xml,1
,,/R10/Main/Release/4.x/4.2/Servers/Store/App/Src/BL.BusinessServices/Tests/Retalix.StoreServer.Tests/Server/DataPattern/DataPatternMetadataValidatorShould.cs,1,,/R10/Main/Trunk/Servers/Store/App/Src/ServiceHost/Tests/Retalix.StoreServer.Model.Test/Selling/Promotions/Setup/Fluent/ConditionV2BuildersSet.cs,1
,,/R10/Main/Trunk/Servers/Store/App/Src/BL.BusinessComponents/Selling/Legacy/RestrictionRule/SellRestrictionActivity/ConditionalRestrictionActivity/Factory/ConditionalRestrictionActivityFactory.cs,1,,/R10/Main/Trunk/Servers/Store/App/Src/BL.BusinessComponents/Selling/Legacy/RetailTransaction/RetailTransactionLog/ARTSV6_0_0/Converter/DecimalPrecisionExtention.cs,1
,,/R10/Main/Trunk/Servers/Store/App/Src/ServiceHost/Tests/Retalix.StoreServer.Model.Test/Selling/Promotions/Extension/Condition/ConditionExtension.hbm.xml,1,,/R10/Main/Release/5.x/5.0.3/Servers/Store/App/Src/BL.BusinessServices/FrontEnd/Returns/PolicyMaintenance/Save/ReturnPolicySaveRequestAdaptor.cs,1
,,/R10/Main/Trunk/Servers/Store/App/Src/ServiceHost/Tests/Retalix.StoreServer.Model.Test/Selling/Promotions/Setup/Fluent/ConditionV2BuildersSet.cs,1,,/R10/Main/Release/5.x/5.0.3/Servers/Store/App/Src/ServiceHost/Tests/Retalix.StoreServer.Model.Test/Selling/TDM/MovableDocumentDtoConverterProviderShould.cs,1
,,/R10/Main/Trunk/Servers/Store/App/Src/BL.BusinessComponents/Selling/Legacy/RetailTransaction/RetailTransactionLog/ARTSV6_0_0/Converter/DecimalPrecisionExtention.cs,1,,/R10/Main/Trunk/Servers/Store/App/Src/Model/Public/Selling/Behavior/OnlineItem/OnlineServices/Maintenance/OLSProfile.cs,1
,,/R10/Main/Release/5.x/5.0.3/Servers/Store/App/Src/BL.BusinessServices/FrontEnd/Returns/PolicyMaintenance/Save/ReturnPolicySaveRequestAdaptor.cs,1,,/R10/Main/Release/5.x/5.0.1/Servers/Store/App/Src/ServiceHost/Tests/Retalix.StoreServer.Model.Test/Selling/Promotions/BoGoPromotionShould.cs,1
,,/R10/Main/Release/5.x/5.0.3/Servers/Store/App/Src/ServiceHost/Tests/Retalix.StoreServer.Model.Test/Selling/TDM/MovableDocumentDtoConverterProviderShould.cs,1,,/R10/Main/Trunk/Office/Src/Modules/Promotion/Web/ViewModels/Promotion/Canvas/Criteria/Entity/DataMapping/ConditionPromotionEntityMapper.cs,1
,,/R10/Main/Release/5.x/5.0.1/Servers/Store/App/Src/ServiceHost/Tests/Retalix.StoreServer.Model.Test/Selling/Promotions/BoGoPromotionShould.cs,1,,/R10/Main/Trunk/Servers/Store/App/Src/Model/Private/Selling/Legacy/RetailTransaction/TransactionLog/SavingAccount/ISavingAccountTransactionLog.cs,1
,,/R10/Main/Trunk/Office/Src/Modules/Promotion/Web/ViewModels/Promotion/Canvas/Criteria/Entity/DataMapping/ConditionPromotionEntityMapper.cs,1,,/R10/Main/Trunk/Servers/Store/App/Src/BL.BusinessComponents/Selling/Legacy/RetailTransaction/RetailTransactionLog/ObjectModel/Converters/SaleLineItemContractReader.cs,1
,,/R10/Main/Trunk/Servers/Store/App/Src/Model/Private/Selling/Legacy/RetailTransaction/TransactionLog/SavingAccount/ISavingAccountTransactionLog.cs,1,,/R10/Main/Trunk/Servers/Store/App/Src/ServiceHost/Tests/Retalix.StoreServer.Model.Test/Selling/Promotions/Setup/Fluent/RewardV2AmountOffBuilder.cs,1
,,/R10/Main/Trunk/Servers/Store/App/Src/BL.BusinessComponents/Selling/Legacy/RetailTransaction/RetailTransactionLog/ObjectModel/Converters/SaleLineItemContractReader.cs,1,,/R10/Main/Release/4.x/4.2/Servers/Store/App/Src/BL.BusinessServices/Tests/Retalix.StoreServer.Tests/Server/DataPattern/DataPatternUpdateServiceShould.cs,1
,,/R10/Main/Trunk/Servers/Store/App/Src/ServiceHost/Tests/Retalix.StoreServer.Model.Test/Selling/Promotions/Setup/Fluent/RewardV2AmountOffBuilder.cs,1,,/R10/Main/Trunk/Servers/Store/App/Src/BL.BusinessComponents/Selling/Legacy/RestrictionRule/SellRestrictionActivity/BrmSellRestrictionActivity/RetailTransactionLogCreateVisitor/BrmSellRestrictionActivityAdaptor.cs,1
,,/R10/Main/Release/4.x/4.2/Servers/Store/App/Src/BL.BusinessServices/Tests/Retalix.StoreServer.Tests/Server/DataPattern/DataPatternUpdateServiceShould.cs,1,,/R10/Main/Release/5.x/5.0.1/Servers/Store/App/Src/Model/Public/Infrastructure/Security/Identity/ILoginRecordDao.cs,1
,,/R10/Main/Trunk/Servers/Store/App/Src/BL.BusinessComponents/Selling/Legacy/RestrictionRule/SellRestrictionActivity/BrmSellRestrictionActivity/RetailTransactionLogCreateVisitor/BrmSellRestrictionActivityAdaptor.cs,1,,/R10/Main/Release/4.x/4.2/Servers/Store/App/Src/BL.BusinessServices/Tests/Maintenance.Test/Reporting/Maintenance/ReceiptSlipTypeMaintenanceServiceShould.cs,1
,,/R10/Main/Release/5.x/5.0.1/Servers/Store/App/Src/Model/Public/Infrastructure/Security/Identity/ILoginRecordDao.cs,1,,/R10/Main/Trunk/Servers/Store/App/Src/BL.BusinessComponents/Selling/Legacy/RestrictionRule/SellRestrictionActivity/SellRestricitonActivity/Activity/IConditionRestrictionActivityContent.cs,1
,,/R10/Main/Release/4.x/4.2/Servers/Store/App/Src/BL.BusinessServices/Tests/Maintenance.Test/Reporting/Maintenance/ReceiptSlipTypeMaintenanceServiceShould.cs,1,,/R10/Main/Release/5.x/5.0.1/Servers/Store/DB/Scripts/Core/SqlServer/schema/Catalog/Product/CAT_StoreRangeProduct.sql,1
,,/R10/Main/Release/5.x/5.0.1/Servers/Store/DB/Scripts/Core/SqlServer/schema/Catalog/Product/CAT_StoreRangeProduct.sql,1,,/R10/Main/Release/5.x/5.0.3/Servers/Store/App/Src/Modules/Tax/Services/Maintenance/DMS/TaxParametersMovableDao.cs,1
,,/R10/Main/Release/5.x/5.0.3/Servers/Store/App/Src/Modules/Tax/Services/Maintenance/DMS/TaxParametersMovableDao.cs,1,,/R10/Main/Trunk/Office/Src/Modules/Promotion/Web/ViewModels/Promotion/Canvas/Rewards/MonetaryRewards/AmountOff/PromotionActionAmountOff.cs,1
,,/R10/Main/Trunk/Office/Src/Modules/Promotion/Web/ViewModels/Promotion/Canvas/Rewards/MonetaryRewards/AmountOff/PromotionActionAmountOff.cs,1,,/R10/Main/Release/4.x/4.2/Servers/Store/App/Src/BL.BusinessComponents/Tests/CashOffice.Test/BusinessRules/Tender/ProhibitOverTender,1
,,/R10/Main/Release/4.x/4.2/Servers/Store/App/Src/BL.BusinessComponents/Tests/CashOffice.Test/BusinessRules/Tender/ProhibitOverTender,1,,/R10/Main/Trunk/Servers/Store/App/Src/Model/Private/Selling/Legacy/RetailTransaction/EventSystem/EventArgs/ITransactionSuspendedArgs.cs,1
,,/R10/Main/Trunk/Servers/Store/App/Src/Model/Private/Selling/Legacy/RetailTransaction/EventSystem/EventArgs/ITransactionSuspendedArgs.cs,1,,/R10/Main/Release/5.x/5.0.3/Servers/Store/App/Src/ServiceHost/Tests/Retalix.StoreServer.Model.Test/Selling/SCO/ScoInterventionRepositoryShould.cs,1
,,/R10/Main/Release/5.x/5.0.3/Servers/Store/App/Src/ServiceHost/Tests/Retalix.StoreServer.Model.Test/Selling/SCO/ScoInterventionRepositoryShould.cs,1,,/R10/Main/Trunk/Office/Src/Modules/Promotion/Web/ViewModels/Promotion/Canvas/Criteria/Distribution/DataMapping/ConditionPromotionDistributionMapper.cs,1
,,/R10/Main/Trunk/Office/Src/Modules/Promotion/Web/ViewModels/Promotion/Canvas/Criteria/Distribution/DataMapping/ConditionPromotionDistributionMapper.cs,1,,/R10/Main/Trunk/Servers/Store/App/Src/Model/Public/Selling/Behavior/OnlineItem/OnlineServices/Maintenance/IOLSProfileDao.cs,1
,,/R10/Main/Trunk/Servers/Store/App/Src/Model/Private/Selling/Legacy/RetailTransaction/EventSystem/EventArgs/ITransactionClosedArgs.cs,1,,/R10/Main/Trunk/Servers/Store/App/Src/Model/Private/Selling/Legacy/RetailTransaction/EventSystem/EventArgs/ITransactionClosedArgs.cs,1
,,/R10/Main/Release/4.x/4.2/Servers/Store/DB/Scripts/Core/SqlServer/upgrade/10.4.2.8_10.4.2.9/Schema/UpdateUserPrinciplesUsesrName.sql,1,,/R10/Main/Release/4.x/4.2/Servers/Store/DB/Scripts/Core/SqlServer/upgrade/10.4.2.8_10.4.2.9/Schema/UpdateUserPrinciplesUsesrName.sql,1
,,/R10/Main/Trunk/Servers/Store/App/Src/ServiceHost/Tests/Retalix.StoreServer.Model.Test/Selling/Promotions/Extension/Condition/ExclsiveTenderCondition.cs,1,,/R10/Main/Trunk/Servers/Store/App/Src/ServiceHost/Tests/Retalix.StoreServer.Model.Test/Selling/Promotions/Extension/Condition/ExclsiveTenderCondition.cs,1
,,/R10/Main/Trunk/Servers/Store/App/Src/ServiceHost/Tests/Retalix.StoreServer.Model.Test/Selling/Promotions/Setup/Fluent/RewardV2FreeItemBuilder.cs,1,,/R10/Main/Trunk/Servers/Store/App/Src/ServiceHost/Tests/Retalix.StoreServer.Model.Test/Selling/Promotions/Setup/Fluent/RewardV2FreeItemBuilder.cs,1
,,/R10/Main/Trunk/Servers/Store/App/Src/ServiceHost/Tests/Retalix.StoreServer.Model.Test/Selling/Promotions/Setup/Fluent/RewardV2BuilderBase.cs,1,,/R10/Main/Trunk/Servers/Store/App/Src/ServiceHost/Tests/Retalix.StoreServer.Model.Test/Selling/Promotions/Setup/Fluent/RewardV2BuilderBase.cs,1
,,/R10/Main/Trunk/Servers/Store/App/Src/BL.BusinessComponents/Selling/Legacy/RestrictionRule/SellRestrictionActivity/BrmSellRestrictionActivity/RetailTransactionLogCreateVisitor/BrmSellRestrictionRetailTransactionLogCreationVisitor.cs,1,,/R10/Main/Trunk/Servers/Store/App/Src/BL.BusinessComponents/Selling/Legacy/RestrictionRule/SellRestrictionActivity/BrmSellRestrictionActivity/RetailTransactionLogCreateVisitor/BrmSellRestrictionRetailTransactionLogCreationVisitor.cs,1
,,/R10/Main/Release/4.x/4.2/Servers/Store/App/Src/BL.BusinessServices/Tests/Retalix.StoreServer.Tests/Server/DataPattern/DataPatternAddServiceShould.cs,1,,/R10/Main/Release/4.x/4.2/Servers/Store/App/Src/BL.BusinessServices/Tests/Retalix.StoreServer.Tests/Server/DataPattern/DataPatternAddServiceShould.cs,1
,,/R10/Main/Release/5.x/5.0.1/Servers/Store/App/Src/Model/Private/Infrastructure/Legacy/Configuration/IConfigurationDao.cs,1,,/R10/Main/Release/5.x/5.0.1/Servers/Store/App/Src/Model/Private/Infrastructure/Legacy/Configuration/IConfigurationDao.cs,1
,,/R10/Main/Trunk/Servers/Store/App/Src/ServiceHost/Tests/Retalix.StoreServer.Model.Test/Selling/Promotions/Setup/Fluent/UnitsConditionV2Builder.cs,1,,/R10/Main/Trunk/Servers/Store/App/Src/ServiceHost/Tests/Retalix.StoreServer.Model.Test/Selling/Promotions/Setup/Fluent/UnitsConditionV2Builder.cs,1
,,/R10/Main/Release/5.x/5.0.1/Servers/Store/App/Src/BL.BusinessServices/Tests/Maintenance.Test/Consumable/Lookup/ConsumableLookupServiceShould.cs,1,,/R10/Main/Release/5.x/5.0.1/Servers/Store/App/Src/BL.BusinessServices/Tests/Maintenance.Test/Consumable/Lookup/ConsumableLookupServiceShould.cs,1
,,/R10/Main/Release/4.x/4.2/Servers/Store/App/Src/Model/Private/Infrastructure/DataPattern/DataPatternMetadata/MetadataField.cs,1,,/R10/Main/Release/4.x/4.2/Servers/Store/App/Src/Model/Private/Infrastructure/DataPattern/DataPatternMetadata/MetadataField.cs,1
,,/R10/Main/Trunk/Servers/Store/App/Src/ServiceHost/Tests/Retalix.StoreServer.Model.Test/Selling/Promotions/Setup/Fluent/StoreConditionV2Builder.cs,1,,/R10/Main/Trunk/Servers/Store/App/Src/ServiceHost/Tests/Retalix.StoreServer.Model.Test/Selling/Promotions/Setup/Fluent/StoreConditionV2Builder.cs,1
,,/R10/Main/Release/5.x/5.0.3/Servers/Store/App/Src/ServiceHost/Tests/Retalix.StoreServer.Model.Test/Selling/Transaction/CustomerOrderExtensionShould.cs,1,,/R10/Main/Release/5.x/5.0.3/Servers/Store/App/Src/ServiceHost/Tests/Retalix.StoreServer.Model.Test/Selling/Transaction/CustomerOrderExtensionShould.cs,1
,,/R10/Main/Release/5.x/5.0.3/Servers/Store/App/Src/BL.BusinessComponents/Organization/Servers/DMS/Server/ServerMovableFormatter.cs,1,,/R10/Main/Release/5.x/5.0.3/Servers/Store/App/Src/BL.BusinessComponents/Organization/Servers/DMS/Server/ServerMovableFormatter.cs,1
,,/R10/Main/Release/4.x/4.2/Servers/Store/DB/Scripts/Core/SqlServer/upgrade/10.4.2.10_10.4.2.11/Data/DMS_MovableRoutingMethods.sql,1,,/R10/Main/Release/4.x/4.2/Servers/Store/DB/Scripts/Core/SqlServer/upgrade/10.4.2.10_10.4.2.11/Data/DMS_MovableRoutingMethods.sql,1
,,/R10/Main/Release/5.x/5.0.3/Servers/Store/App/Src/BL.BusinessServices/Tests/FrontEnd.Test/Promotion/BackwardCompatibility/PromotionHelper.cs,1,,/R10/Main/Release/5.x/5.0.3/Servers/Store/App/Src/BL.BusinessServices/Tests/FrontEnd.Test/Promotion/BackwardCompatibility/PromotionHelper.cs,1
,,/R10/Main/Trunk/Servers/Store/App/Src/BL.BusinessComponents/Selling/Legacy/RetailTransaction/RetailTransactionLog/ObjectModel/Converters/PriceModifierLog.cs,1,,/R10/Main/Trunk/Servers/Store/App/Src/BL.BusinessComponents/Selling/Legacy/RetailTransaction/RetailTransactionLog/ObjectModel/Converters/PriceModifierLog.cs,1
,,/R10/Main/Release/4.x/4.2/Servers/Store/App/Src/BL.BusinessServices/Tests/FrontEnd.Test/Deposit/Requests/DepositLineAddRequest.xml,1,,/R10/Main/Release/4.x/4.2/Servers/Store/App/Src/BL.BusinessServices/Tests/FrontEnd.Test/Deposit/Requests/DepositLineAddRequest.xml,1
,,/R10/Main/Trunk/Clients/MobileShopper/Android/MobilePaymentGeneric/src/com/retalix/mobilepaymentgeneric/ui/fragments/selfscan/ShoppingCartFragment.java,1,,/R10/Main/Trunk/Clients/MobileShopper/Android/MobilePaymentGeneric/src/com/retalix/mobilepaymentgeneric/ui/fragments/selfscan/ShoppingCartFragment.java,1
,,/R10/Main/Release/4.x/4.2/Servers/Store/App/Src/BL.BusinessComponents/Selling/Legacy/RestrictionRule/TransactionLog/RestrictionOperatorBypassApprovalBuilder.cs,1,,/R10/Main/Release/4.x/4.2/Servers/Store/App/Src/BL.BusinessComponents/Selling/Legacy/RestrictionRule/TransactionLog/RestrictionOperatorBypassApprovalBuilder.cs,1
,,/R10/Main/Trunk/Servers/Store/App/Src/BL.BusinessComponents/Selling/Legacy/RestrictionRule/SellRestrictionActivity/SellRestricitonActivity/Activity/SellRestrictionAdditionalData.cs,1,,/R10/Main/Trunk/Servers/Store/App/Src/BL.BusinessComponents/Selling/Legacy/RestrictionRule/SellRestrictionActivity/SellRestricitonActivity/Activity/SellRestrictionAdditionalData.cs,1
,,/R10/Main/Trunk/Servers/Store/App/Src/Model/Private/Selling/Legacy/RetailTransaction/TransactionLog/SavingAccount/SavingAccountTransactionLogSearchCriteria.cs,1,,/R10/Main/Trunk/Servers/Store/App/Src/Model/Private/Selling/Legacy/RetailTransaction/TransactionLog/SavingAccount/SavingAccountTransactionLogSearchCriteria.cs,1
,,/R10/Main/Release/5.x/5.0.3/Servers/Store/App/Src/BL.BusinessServices/Maintenance/Product/Maintenance/Parts/ManufacturerPartOfProductMaintenanceService.cs,1,,/R10/Main/Release/5.x/5.0.3/Servers/Store/App/Src/BL.BusinessServices/Maintenance/Product/Maintenance/Parts/ManufacturerPartOfProductMaintenanceService.cs,1
,,/R10/Main/Trunk/Servers/Store/App/Src/BL.BusinessComponents/Selling/Legacy/RestrictionRule/SellRestrictionActivity/SellRestricitonActivity/Activity/IConditionRestricitionActivityContentData.cs,1,,/R10/Main/Trunk/Servers/Store/App/Src/BL.BusinessComponents/Selling/Legacy/RestrictionRule/SellRestrictionActivity/SellRestricitonActivity/Activity/IConditionRestricitionActivityContentData.cs,1
,,/R10/Main/Release/5.x/5.0.1/Servers/Store/App/Src/Model/Private/Infrastructure/DataMovement/PhysicalToLogical/IPhysicalToLogicalRepository.cs,1,,/R10/Main/Release/5.x/5.0.1/Servers/Store/App/Src/Model/Private/Infrastructure/DataMovement/PhysicalToLogical/IPhysicalToLogicalRepository.cs,1
,,/R10/Main/Release/5.x/5.0.1/Servers/Store/App/Src/ServiceHost/Tests/Retalix.StoreServer.Model.Test/Data/Promotion/PromotionFactory.cs,1,,/R10/Main/Release/5.x/5.0.1/Servers/Store/App/Src/ServiceHost/Tests/Retalix.StoreServer.Model.Test/Data/Promotion/PromotionFactory.cs,1
,,/R10/Main/Release/5.x/5.0.1/Servers/Store/App/Src/ServiceHost/Tests/Retalix.StoreServer.Model.Test/Selling/Promotions/DataBarCouponShould.cs,1,,/R10/Main/Release/5.x/5.0.1/Servers/Store/App/Src/ServiceHost/Tests/Retalix.StoreServer.Model.Test/Selling/Promotions/DataBarCouponShould.cs,1
,,/R10/Main/Trunk/Servers/Store/App/Src/BL.BusinessComponents/Selling/Legacy/RestrictionRule/SellRestrictionActivity/BrmSellRestrictionActivity/Activity/BrmSellRestricitionActivityContentData.cs,1,,/R10/Main/Trunk/Servers/Store/App/Src/BL.BusinessComponents/Selling/Legacy/RestrictionRule/SellRestrictionActivity/BrmSellRestrictionActivity/Activity/BrmSellRestricitionActivityContentData.cs,1
,,/R10/Main/Release/4.x/4.2/Servers/Store/App/Src/BL.BusinessComponents/Selling/Legacy/RetailTransaction/ServiceExecution/RetailTransactionActiveRequestCacheDao.cs,1,,/R10/Main/Release/4.x/4.2/Servers/Store/App/Src/BL.BusinessComponents/Selling/Legacy/RetailTransaction/ServiceExecution/RetailTransactionActiveRequestCacheDao.cs,1
,,/R10/Main/Release/5.x/5.0.1/Servers/Store/App/Src/ServiceHost/Tests/Retalix.StoreServer.Model.Test/Selling/TDM/LogDocumentFormatterShould.cs,1,,/R10/Main/Release/5.x/5.0.1/Servers/Store/App/Src/ServiceHost/Tests/Retalix.StoreServer.Model.Test/Selling/TDM/LogDocumentFormatterShould.cs,1
,,/R10/Main/Release/5.x/5.0.0/Servers/Store/App/Src/BL.BusinessServices/Maintenance/Product/Lookup/DataExtractor/NewPricesPromotionDataExtractor.cs,1,,/R10/Main/Release/5.x/5.0.0/Servers/Store/App/Src/BL.BusinessServices/Maintenance/Product/Lookup/DataExtractor/NewPricesPromotionDataExtractor.cs,1
,,/R10/Main/Dev/LKill/Servers/Store/App/Src/BL.BusinessComponents/Tests/Selling.Test/Legacy/Tender/RestrictionRule/RestrictionRuleMixedBasketAspectShould.cs,1,,/R10/Main/Dev/LKill/Servers/Store/App/Src/BL.BusinessComponents/Tests/Selling.Test/Legacy/Tender/RestrictionRule/RestrictionRuleMixedBasketAspectShould.cs,1
,,/R10/Main/Release/5.x/5.0.0/Servers/Store/App/Src/ServiceHost/Tests/Retalix.StoreServer.DAL.UnitTest/Item/ProductDal/ProductDaoForHierarchySearchShould.cs,1,,/R10/Main/Release/5.x/5.0.0/Servers/Store/App/Src/ServiceHost/Tests/Retalix.StoreServer.DAL.UnitTest/Item/ProductDal/ProductDaoForHierarchySearchShould.cs,1
,,/R10/Main/Trunk/Office/Src/Modules/Promotion/Web/ViewModels/Promotion/Canvas/Criteria/Coupon/DataMapping/ConditionPromotionCouponMapper.cs,1,,/R10/Main/Trunk/Office/Src/Modules/Promotion/Web/ViewModels/Promotion/Canvas/Criteria/Coupon/DataMapping/ConditionPromotionCouponMapper.cs,1
,,/R10/Main/Release/5.x/5.0.3/Servers/Store/App/Src/ServiceHost/Tests/Retalix.StoreServer.Model.Test/BusinessServices/Return/Helper,1,,/R10/Main/Release/5.x/5.0.3/Servers/Store/App/Src/ServiceHost/Tests/Retalix.StoreServer.Model.Test/BusinessServices/Return/Helper,1
,,/R10/Main/Release/4.x/4.2/Servers/Store/App/Src/BL.BusinessComponents/Selling/Legacy/RetailTransaction/ServiceExecution/CustomerOrderActiveRequestCacheDao.cs,1,,/R10/Main/Release/4.x/4.2/Servers/Store/App/Src/BL.BusinessComponents/Selling/Legacy/RetailTransaction/ServiceExecution/CustomerOrderActiveRequestCacheDao.cs,1
,,/R10/Main/Trunk/Servers/Store/App/Src/ServiceHost/Tests/Retalix.StoreServer.Model.Test/Selling/Promotions/Setup/Fluent/RewardV2BuildersSet.cs,1,,/R10/Main/Trunk/Servers/Store/App/Src/ServiceHost/Tests/Retalix.StoreServer.Model.Test/Selling/Promotions/Setup/Fluent/RewardV2BuildersSet.cs,1
,,/R10/Main/Release/4.x/4.2/Servers/Store/App/Src/Model/Private/Infrastructure/DataPattern/DatapatternMetadata/IDataPatternMetadataRepositoryManager.cs,1,,/R10/Main/Release/4.x/4.2/Servers/Store/App/Src/Model/Private/Infrastructure/DataPattern/DatapatternMetadata/IDataPatternMetadataRepositoryManager.cs,1
,,/R10/Main/Release/5.x/5.0.1/Servers/Store/App/Src/ServiceHost/Tests/Retalix.StoreServer.Model.Test/Data/Promotion/PromotionBuilderExtension.cs,1,,/R10/Main/Release/5.x/5.0.1/Servers/Store/App/Src/ServiceHost/Tests/Retalix.StoreServer.Model.Test/Data/Promotion/PromotionBuilderExtension.cs,1
